Dataset Name,Keywords,Theme,Profession,Recommendation
15 Minute Stream Flow Data: USGS (FIFE),"['EARTH SCIENCE', 'HYDROSPHERE', 'SURFACE WATER']",['geospatial'],Teacher,9
15 Minute Stream Flow Data: USGS (FIFE),"['EARTH SCIENCE', 'HYDROSPHERE', 'SURFACE WATER']",['geospatial'],Physicist,15
15 Minute Stream Flow Data: USGS (FIFE),"['EARTH SCIENCE', 'HYDROSPHERE', 'SURFACE WATER']",['geospatial'],Farmer,62
15 Minute Stream Flow Data: USGS (FIFE),"['EARTH SCIENCE', 'HYDROSPHERE', 'SURFACE WATER']",['geospatial'],Biologist,41
15 Minute Stream Flow Data: USGS (FIFE),"['EARTH SCIENCE', 'HYDROSPHERE', 'SURFACE WATER']",['geospatial'],Power Engineer,98
15 Minute Stream Flow Data: USGS (FIFE),"['EARTH SCIENCE', 'HYDROSPHERE', 'SURFACE WATER']","['FIFE', 'ESIP', 'EOSDIS']",Teacher,39
15 Minute Stream Flow Data: USGS (FIFE),"['EARTH SCIENCE', 'HYDROSPHERE', 'SURFACE WATER']","['FIFE', 'ESIP', 'EOSDIS']",Physicist,89
15 Minute Stream Flow Data: USGS (FIFE),"['EARTH SCIENCE', 'HYDROSPHERE', 'SURFACE WATER']","['FIFE', 'ESIP', 'EOSDIS']",Farmer,70
15 Minute Stream Flow Data: USGS (FIFE),"['EARTH SCIENCE', 'HYDROSPHERE', 'SURFACE WATER']","['FIFE', 'ESIP', 'EOSDIS']",Biologist,54
15 Minute Stream Flow Data: USGS (FIFE),"['EARTH SCIENCE', 'HYDROSPHERE', 'SURFACE WATER']","['FIFE', 'ESIP', 'EOSDIS']",Power Engineer,21
2000 Pilot Environmental Sustainability Index (ESI),"['EARTH SCIENCE', 'ATMOSPHERE', 'AIR QUALITY', 'ATMOSPHERIC CHEMISTRY', 'BIOLOGICAL CLASSIFICATION', 'ANIMALS/VERTEBRATES', 'BIOSPHERE', 'ECOLOGICAL DYNAMICS', 'VEGETATION', 'HUMAN DIMENSIONS', 'HABITAT CONVERSION/FRAGMENTATION', 'ENVIRONMENTAL IMPACTS', 'HUMAN HEALTH', 'TERRESTRIAL HYDROSPHERE', 'GROUND WATER', 'WATER QUALITY/WATER CHEMISTRY', 'LAND SURFACE', 'EROSION/SEDIMENTATION', 'LAND USE/LAND COVER', 'SOILS', 'SOLID EARTH', 'NATURAL RESOURCES']",['geospatial'],Teacher,10
2000 Pilot Environmental Sustainability Index (ESI),"['EARTH SCIENCE', 'ATMOSPHERE', 'AIR QUALITY', 'ATMOSPHERIC CHEMISTRY', 'BIOLOGICAL CLASSIFICATION', 'ANIMALS/VERTEBRATES', 'BIOSPHERE', 'ECOLOGICAL DYNAMICS', 'VEGETATION', 'HUMAN DIMENSIONS', 'HABITAT CONVERSION/FRAGMENTATION', 'ENVIRONMENTAL IMPACTS', 'HUMAN HEALTH', 'TERRESTRIAL HYDROSPHERE', 'GROUND WATER', 'WATER QUALITY/WATER CHEMISTRY', 'LAND SURFACE', 'EROSION/SEDIMENTATION', 'LAND USE/LAND COVER', 'SOILS', 'SOLID EARTH', 'NATURAL RESOURCES']",['geospatial'],Physicist,11
2000 Pilot Environmental Sustainability Index (ESI),"['EARTH SCIENCE', 'ATMOSPHERE', 'AIR QUALITY', 'ATMOSPHERIC CHEMISTRY', 'BIOLOGICAL CLASSIFICATION', 'ANIMALS/VERTEBRATES', 'BIOSPHERE', 'ECOLOGICAL DYNAMICS', 'VEGETATION', 'HUMAN DIMENSIONS', 'HABITAT CONVERSION/FRAGMENTATION', 'ENVIRONMENTAL IMPACTS', 'HUMAN HEALTH', 'TERRESTRIAL HYDROSPHERE', 'GROUND WATER', 'WATER QUALITY/WATER CHEMISTRY', 'LAND SURFACE', 'EROSION/SEDIMENTATION', 'LAND USE/LAND COVER', 'SOILS', 'SOLID EARTH', 'NATURAL RESOURCES']",['geospatial'],Farmer,71
2000 Pilot Environmental Sustainability Index (ESI),"['EARTH SCIENCE', 'ATMOSPHERE', 'AIR QUALITY', 'ATMOSPHERIC CHEMISTRY', 'BIOLOGICAL CLASSIFICATION', 'ANIMALS/VERTEBRATES', 'BIOSPHERE', 'ECOLOGICAL DYNAMICS', 'VEGETATION', 'HUMAN DIMENSIONS', 'HABITAT CONVERSION/FRAGMENTATION', 'ENVIRONMENTAL IMPACTS', 'HUMAN HEALTH', 'TERRESTRIAL HYDROSPHERE', 'GROUND WATER', 'WATER QUALITY/WATER CHEMISTRY', 'LAND SURFACE', 'EROSION/SEDIMENTATION', 'LAND USE/LAND COVER', 'SOILS', 'SOLID EARTH', 'NATURAL RESOURCES']",['geospatial'],Biologist,80
2000 Pilot Environmental Sustainability Index (ESI),"['EARTH SCIENCE', 'ATMOSPHERE', 'AIR QUALITY', 'ATMOSPHERIC CHEMISTRY', 'BIOLOGICAL CLASSIFICATION', 'ANIMALS/VERTEBRATES', 'BIOSPHERE', 'ECOLOGICAL DYNAMICS', 'VEGETATION', 'HUMAN DIMENSIONS', 'HABITAT CONVERSION/FRAGMENTATION', 'ENVIRONMENTAL IMPACTS', 'HUMAN HEALTH', 'TERRESTRIAL HYDROSPHERE', 'GROUND WATER', 'WATER QUALITY/WATER CHEMISTRY', 'LAND SURFACE', 'EROSION/SEDIMENTATION', 'LAND USE/LAND COVER', 'SOILS', 'SOLID EARTH', 'NATURAL RESOURCES']",['geospatial'],Power Engineer,2
2000 Pilot Environmental Sustainability Index (ESI),"['EARTH SCIENCE', 'ATMOSPHERE', 'AIR QUALITY', 'ATMOSPHERIC CHEMISTRY', 'BIOLOGICAL CLASSIFICATION', 'ANIMALS/VERTEBRATES', 'BIOSPHERE', 'ECOLOGICAL DYNAMICS', 'VEGETATION', 'HUMAN DIMENSIONS', 'HABITAT CONVERSION/FRAGMENTATION', 'ENVIRONMENTAL IMPACTS', 'HUMAN HEALTH', 'TERRESTRIAL HYDROSPHERE', 'GROUND WATER', 'WATER QUALITY/WATER CHEMISTRY', 'LAND SURFACE', 'EROSION/SEDIMENTATION', 'LAND USE/LAND COVER', 'SOILS', 'SOLID EARTH', 'NATURAL RESOURCES']",['geospatial'],Teacher,58
2000 Pilot Environmental Sustainability Index (ESI),"['EARTH SCIENCE', 'ATMOSPHERE', 'AIR QUALITY', 'ATMOSPHERIC CHEMISTRY', 'BIOLOGICAL CLASSIFICATION', 'ANIMALS/VERTEBRATES', 'BIOSPHERE', 'ECOLOGICAL DYNAMICS', 'VEGETATION', 'HUMAN DIMENSIONS', 'HABITAT CONVERSION/FRAGMENTATION', 'ENVIRONMENTAL IMPACTS', 'HUMAN HEALTH', 'TERRESTRIAL HYDROSPHERE', 'GROUND WATER', 'WATER QUALITY/WATER CHEMISTRY', 'LAND SURFACE', 'EROSION/SEDIMENTATION', 'LAND USE/LAND COVER', 'SOILS', 'SOLID EARTH', 'NATURAL RESOURCES']",['geospatial'],Physicist,94
2000 Pilot Environmental Sustainability Index (ESI),"['EARTH SCIENCE', 'ATMOSPHERE', 'AIR QUALITY', 'ATMOSPHERIC CHEMISTRY', 'BIOLOGICAL CLASSIFICATION', 'ANIMALS/VERTEBRATES', 'BIOSPHERE', 'ECOLOGICAL DYNAMICS', 'VEGETATION', 'HUMAN DIMENSIONS', 'HABITAT CONVERSION/FRAGMENTATION', 'ENVIRONMENTAL IMPACTS', 'HUMAN HEALTH', 'TERRESTRIAL HYDROSPHERE', 'GROUND WATER', 'WATER QUALITY/WATER CHEMISTRY', 'LAND SURFACE', 'EROSION/SEDIMENTATION', 'LAND USE/LAND COVER', 'SOILS', 'SOLID EARTH', 'NATURAL RESOURCES']",['geospatial'],Farmer,12
2000 Pilot Environmental Sustainability Index (ESI),"['EARTH SCIENCE', 'ATMOSPHERE', 'AIR QUALITY', 'ATMOSPHERIC CHEMISTRY', 'BIOLOGICAL CLASSIFICATION', 'ANIMALS/VERTEBRATES', 'BIOSPHERE', 'ECOLOGICAL DYNAMICS', 'VEGETATION', 'HUMAN DIMENSIONS', 'HABITAT CONVERSION/FRAGMENTATION', 'ENVIRONMENTAL IMPACTS', 'HUMAN HEALTH', 'TERRESTRIAL HYDROSPHERE', 'GROUND WATER', 'WATER QUALITY/WATER CHEMISTRY', 'LAND SURFACE', 'EROSION/SEDIMENTATION', 'LAND USE/LAND COVER', 'SOILS', 'SOLID EARTH', 'NATURAL RESOURCES']",['geospatial'],Biologist,16
2000 Pilot Environmental Sustainability Index (ESI),"['EARTH SCIENCE', 'ATMOSPHERE', 'AIR QUALITY', 'ATMOSPHERIC CHEMISTRY', 'BIOLOGICAL CLASSIFICATION', 'ANIMALS/VERTEBRATES', 'BIOSPHERE', 'ECOLOGICAL DYNAMICS', 'VEGETATION', 'HUMAN DIMENSIONS', 'HABITAT CONVERSION/FRAGMENTATION', 'ENVIRONMENTAL IMPACTS', 'HUMAN HEALTH', 'TERRESTRIAL HYDROSPHERE', 'GROUND WATER', 'WATER QUALITY/WATER CHEMISTRY', 'LAND SURFACE', 'EROSION/SEDIMENTATION', 'LAND USE/LAND COVER', 'SOILS', 'SOLID EARTH', 'NATURAL RESOURCES']",['geospatial'],Power Engineer,26
2000 Pilot Environmental Sustainability Index (ESI),"['EARTH SCIENCE', 'ATMOSPHERE', 'AIR QUALITY', 'ATMOSPHERIC CHEMISTRY', 'BIOLOGICAL CLASSIFICATION', 'ANIMALS/VERTEBRATES', 'BIOSPHERE', 'ECOLOGICAL DYNAMICS', 'VEGETATION', 'HUMAN DIMENSIONS', 'HABITAT CONVERSION/FRAGMENTATION', 'ENVIRONMENTAL IMPACTS', 'HUMAN HEALTH', 'TERRESTRIAL HYDROSPHERE', 'GROUND WATER', 'WATER QUALITY/WATER CHEMISTRY', 'LAND SURFACE', 'EROSION/SEDIMENTATION', 'LAND USE/LAND COVER', 'SOILS', 'SOLID EARTH', 'NATURAL RESOURCES']",['ESI'],Teacher,56
2000 Pilot Environmental Sustainability Index (ESI),"['EARTH SCIENCE', 'ATMOSPHERE', 'AIR QUALITY', 'ATMOSPHERIC CHEMISTRY', 'BIOLOGICAL CLASSIFICATION', 'ANIMALS/VERTEBRATES', 'BIOSPHERE', 'ECOLOGICAL DYNAMICS', 'VEGETATION', 'HUMAN DIMENSIONS', 'HABITAT CONVERSION/FRAGMENTATION', 'ENVIRONMENTAL IMPACTS', 'HUMAN HEALTH', 'TERRESTRIAL HYDROSPHERE', 'GROUND WATER', 'WATER QUALITY/WATER CHEMISTRY', 'LAND SURFACE', 'EROSION/SEDIMENTATION', 'LAND USE/LAND COVER', 'SOILS', 'SOLID EARTH', 'NATURAL RESOURCES']",['ESI'],Physicist,16
2000 Pilot Environmental Sustainability Index (ESI),"['EARTH SCIENCE', 'ATMOSPHERE', 'AIR QUALITY', 'ATMOSPHERIC CHEMISTRY', 'BIOLOGICAL CLASSIFICATION', 'ANIMALS/VERTEBRATES', 'BIOSPHERE', 'ECOLOGICAL DYNAMICS', 'VEGETATION', 'HUMAN DIMENSIONS', 'HABITAT CONVERSION/FRAGMENTATION', 'ENVIRONMENTAL IMPACTS', 'HUMAN HEALTH', 'TERRESTRIAL HYDROSPHERE', 'GROUND WATER', 'WATER QUALITY/WATER CHEMISTRY', 'LAND SURFACE', 'EROSION/SEDIMENTATION', 'LAND USE/LAND COVER', 'SOILS', 'SOLID EARTH', 'NATURAL RESOURCES']",['ESI'],Farmer,90
2000 Pilot Environmental Sustainability Index (ESI),"['EARTH SCIENCE', 'ATMOSPHERE', 'AIR QUALITY', 'ATMOSPHERIC CHEMISTRY', 'BIOLOGICAL CLASSIFICATION', 'ANIMALS/VERTEBRATES', 'BIOSPHERE', 'ECOLOGICAL DYNAMICS', 'VEGETATION', 'HUMAN DIMENSIONS', 'HABITAT CONVERSION/FRAGMENTATION', 'ENVIRONMENTAL IMPACTS', 'HUMAN HEALTH', 'TERRESTRIAL HYDROSPHERE', 'GROUND WATER', 'WATER QUALITY/WATER CHEMISTRY', 'LAND SURFACE', 'EROSION/SEDIMENTATION', 'LAND USE/LAND COVER', 'SOILS', 'SOLID EARTH', 'NATURAL RESOURCES']",['ESI'],Biologist,25
2000 Pilot Environmental Sustainability Index (ESI),"['EARTH SCIENCE', 'ATMOSPHERE', 'AIR QUALITY', 'ATMOSPHERIC CHEMISTRY', 'BIOLOGICAL CLASSIFICATION', 'ANIMALS/VERTEBRATES', 'BIOSPHERE', 'ECOLOGICAL DYNAMICS', 'VEGETATION', 'HUMAN DIMENSIONS', 'HABITAT CONVERSION/FRAGMENTATION', 'ENVIRONMENTAL IMPACTS', 'HUMAN HEALTH', 'TERRESTRIAL HYDROSPHERE', 'GROUND WATER', 'WATER QUALITY/WATER CHEMISTRY', 'LAND SURFACE', 'EROSION/SEDIMENTATION', 'LAND USE/LAND COVER', 'SOILS', 'SOLID EARTH', 'NATURAL RESOURCES']",['ESI'],Power Engineer,65
2001 Environmental Sustainability Index (ESI),"['EARTH SCIENCE', 'ATMOSPHERE', 'AIR QUALITY', 'ATMOSPHERIC CHEMISTRY', 'BIOLOGICAL CLASSIFICATION', 'ANIMALS/VERTEBRATES', 'BIOSPHERE', 'ECOLOGICAL DYNAMICS', 'VEGETATION', 'HUMAN DIMENSIONS', 'HABITAT CONVERSION/FRAGMENTATION', 'ENVIRONMENTAL IMPACTS', 'HUMAN HEALTH', 'TERRESTRIAL HYDROSPHERE', 'GROUND WATER', 'WATER QUALITY/WATER CHEMISTRY', 'LAND SURFACE', 'EROSION/SEDIMENTATION', 'LAND USE/LAND COVER', 'SOILS', 'SOLID EARTH', 'NATURAL RESOURCES']",['geospatial'],Teacher,93
2001 Environmental Sustainability Index (ESI),"['EARTH SCIENCE', 'ATMOSPHERE', 'AIR QUALITY', 'ATMOSPHERIC CHEMISTRY', 'BIOLOGICAL CLASSIFICATION', 'ANIMALS/VERTEBRATES', 'BIOSPHERE', 'ECOLOGICAL DYNAMICS', 'VEGETATION', 'HUMAN DIMENSIONS', 'HABITAT CONVERSION/FRAGMENTATION', 'ENVIRONMENTAL IMPACTS', 'HUMAN HEALTH', 'TERRESTRIAL HYDROSPHERE', 'GROUND WATER', 'WATER QUALITY/WATER CHEMISTRY', 'LAND SURFACE', 'EROSION/SEDIMENTATION', 'LAND USE/LAND COVER', 'SOILS', 'SOLID EARTH', 'NATURAL RESOURCES']",['geospatial'],Physicist,17
2001 Environmental Sustainability Index (ESI),"['EARTH SCIENCE', 'ATMOSPHERE', 'AIR QUALITY', 'ATMOSPHERIC CHEMISTRY', 'BIOLOGICAL CLASSIFICATION', 'ANIMALS/VERTEBRATES', 'BIOSPHERE', 'ECOLOGICAL DYNAMICS', 'VEGETATION', 'HUMAN DIMENSIONS', 'HABITAT CONVERSION/FRAGMENTATION', 'ENVIRONMENTAL IMPACTS', 'HUMAN HEALTH', 'TERRESTRIAL HYDROSPHERE', 'GROUND WATER', 'WATER QUALITY/WATER CHEMISTRY', 'LAND SURFACE', 'EROSION/SEDIMENTATION', 'LAND USE/LAND COVER', 'SOILS', 'SOLID EARTH', 'NATURAL RESOURCES']",['geospatial'],Farmer,34
2001 Environmental Sustainability Index (ESI),"['EARTH SCIENCE', 'ATMOSPHERE', 'AIR QUALITY', 'ATMOSPHERIC CHEMISTRY', 'BIOLOGICAL CLASSIFICATION', 'ANIMALS/VERTEBRATES', 'BIOSPHERE', 'ECOLOGICAL DYNAMICS', 'VEGETATION', 'HUMAN DIMENSIONS', 'HABITAT CONVERSION/FRAGMENTATION', 'ENVIRONMENTAL IMPACTS', 'HUMAN HEALTH', 'TERRESTRIAL HYDROSPHERE', 'GROUND WATER', 'WATER QUALITY/WATER CHEMISTRY', 'LAND SURFACE', 'EROSION/SEDIMENTATION', 'LAND USE/LAND COVER', 'SOILS', 'SOLID EARTH', 'NATURAL RESOURCES']",['geospatial'],Biologist,21
2001 Environmental Sustainability Index (ESI),"['EARTH SCIENCE', 'ATMOSPHERE', 'AIR QUALITY', 'ATMOSPHERIC CHEMISTRY', 'BIOLOGICAL CLASSIFICATION', 'ANIMALS/VERTEBRATES', 'BIOSPHERE', 'ECOLOGICAL DYNAMICS', 'VEGETATION', 'HUMAN DIMENSIONS', 'HABITAT CONVERSION/FRAGMENTATION', 'ENVIRONMENTAL IMPACTS', 'HUMAN HEALTH', 'TERRESTRIAL HYDROSPHERE', 'GROUND WATER', 'WATER QUALITY/WATER CHEMISTRY', 'LAND SURFACE', 'EROSION/SEDIMENTATION', 'LAND USE/LAND COVER', 'SOILS', 'SOLID EARTH', 'NATURAL RESOURCES']",['geospatial'],Power Engineer,2
2001 Environmental Sustainability Index (ESI),"['EARTH SCIENCE', 'ATMOSPHERE', 'AIR QUALITY', 'ATMOSPHERIC CHEMISTRY', 'BIOLOGICAL CLASSIFICATION', 'ANIMALS/VERTEBRATES', 'BIOSPHERE', 'ECOLOGICAL DYNAMICS', 'VEGETATION', 'HUMAN DIMENSIONS', 'HABITAT CONVERSION/FRAGMENTATION', 'ENVIRONMENTAL IMPACTS', 'HUMAN HEALTH', 'TERRESTRIAL HYDROSPHERE', 'GROUND WATER', 'WATER QUALITY/WATER CHEMISTRY', 'LAND SURFACE', 'EROSION/SEDIMENTATION', 'LAND USE/LAND COVER', 'SOILS', 'SOLID EARTH', 'NATURAL RESOURCES']",['geospatial'],Teacher,99
2001 Environmental Sustainability Index (ESI),"['EARTH SCIENCE', 'ATMOSPHERE', 'AIR QUALITY', 'ATMOSPHERIC CHEMISTRY', 'BIOLOGICAL CLASSIFICATION', 'ANIMALS/VERTEBRATES', 'BIOSPHERE', 'ECOLOGICAL DYNAMICS', 'VEGETATION', 'HUMAN DIMENSIONS', 'HABITAT CONVERSION/FRAGMENTATION', 'ENVIRONMENTAL IMPACTS', 'HUMAN HEALTH', 'TERRESTRIAL HYDROSPHERE', 'GROUND WATER', 'WATER QUALITY/WATER CHEMISTRY', 'LAND SURFACE', 'EROSION/SEDIMENTATION', 'LAND USE/LAND COVER', 'SOILS', 'SOLID EARTH', 'NATURAL RESOURCES']",['geospatial'],Physicist,63
2001 Environmental Sustainability Index (ESI),"['EARTH SCIENCE', 'ATMOSPHERE', 'AIR QUALITY', 'ATMOSPHERIC CHEMISTRY', 'BIOLOGICAL CLASSIFICATION', 'ANIMALS/VERTEBRATES', 'BIOSPHERE', 'ECOLOGICAL DYNAMICS', 'VEGETATION', 'HUMAN DIMENSIONS', 'HABITAT CONVERSION/FRAGMENTATION', 'ENVIRONMENTAL IMPACTS', 'HUMAN HEALTH', 'TERRESTRIAL HYDROSPHERE', 'GROUND WATER', 'WATER QUALITY/WATER CHEMISTRY', 'LAND SURFACE', 'EROSION/SEDIMENTATION', 'LAND USE/LAND COVER', 'SOILS', 'SOLID EARTH', 'NATURAL RESOURCES']",['geospatial'],Farmer,62
2001 Environmental Sustainability Index (ESI),"['EARTH SCIENCE', 'ATMOSPHERE', 'AIR QUALITY', 'ATMOSPHERIC CHEMISTRY', 'BIOLOGICAL CLASSIFICATION', 'ANIMALS/VERTEBRATES', 'BIOSPHERE', 'ECOLOGICAL DYNAMICS', 'VEGETATION', 'HUMAN DIMENSIONS', 'HABITAT CONVERSION/FRAGMENTATION', 'ENVIRONMENTAL IMPACTS', 'HUMAN HEALTH', 'TERRESTRIAL HYDROSPHERE', 'GROUND WATER', 'WATER QUALITY/WATER CHEMISTRY', 'LAND SURFACE', 'EROSION/SEDIMENTATION', 'LAND USE/LAND COVER', 'SOILS', 'SOLID EARTH', 'NATURAL RESOURCES']",['geospatial'],Biologist,3
2001 Environmental Sustainability Index (ESI),"['EARTH SCIENCE', 'ATMOSPHERE', 'AIR QUALITY', 'ATMOSPHERIC CHEMISTRY', 'BIOLOGICAL CLASSIFICATION', 'ANIMALS/VERTEBRATES', 'BIOSPHERE', 'ECOLOGICAL DYNAMICS', 'VEGETATION', 'HUMAN DIMENSIONS', 'HABITAT CONVERSION/FRAGMENTATION', 'ENVIRONMENTAL IMPACTS', 'HUMAN HEALTH', 'TERRESTRIAL HYDROSPHERE', 'GROUND WATER', 'WATER QUALITY/WATER CHEMISTRY', 'LAND SURFACE', 'EROSION/SEDIMENTATION', 'LAND USE/LAND COVER', 'SOILS', 'SOLID EARTH', 'NATURAL RESOURCES']",['geospatial'],Power Engineer,48
2001 Environmental Sustainability Index (ESI),"['EARTH SCIENCE', 'ATMOSPHERE', 'AIR QUALITY', 'ATMOSPHERIC CHEMISTRY', 'BIOLOGICAL CLASSIFICATION', 'ANIMALS/VERTEBRATES', 'BIOSPHERE', 'ECOLOGICAL DYNAMICS', 'VEGETATION', 'HUMAN DIMENSIONS', 'HABITAT CONVERSION/FRAGMENTATION', 'ENVIRONMENTAL IMPACTS', 'HUMAN HEALTH', 'TERRESTRIAL HYDROSPHERE', 'GROUND WATER', 'WATER QUALITY/WATER CHEMISTRY', 'LAND SURFACE', 'EROSION/SEDIMENTATION', 'LAND USE/LAND COVER', 'SOILS', 'SOLID EARTH', 'NATURAL RESOURCES']",['ESI'],Teacher,1
2001 Environmental Sustainability Index (ESI),"['EARTH SCIENCE', 'ATMOSPHERE', 'AIR QUALITY', 'ATMOSPHERIC CHEMISTRY', 'BIOLOGICAL CLASSIFICATION', 'ANIMALS/VERTEBRATES', 'BIOSPHERE', 'ECOLOGICAL DYNAMICS', 'VEGETATION', 'HUMAN DIMENSIONS', 'HABITAT CONVERSION/FRAGMENTATION', 'ENVIRONMENTAL IMPACTS', 'HUMAN HEALTH', 'TERRESTRIAL HYDROSPHERE', 'GROUND WATER', 'WATER QUALITY/WATER CHEMISTRY', 'LAND SURFACE', 'EROSION/SEDIMENTATION', 'LAND USE/LAND COVER', 'SOILS', 'SOLID EARTH', 'NATURAL RESOURCES']",['ESI'],Physicist,71
2001 Environmental Sustainability Index (ESI),"['EARTH SCIENCE', 'ATMOSPHERE', 'AIR QUALITY', 'ATMOSPHERIC CHEMISTRY', 'BIOLOGICAL CLASSIFICATION', 'ANIMALS/VERTEBRATES', 'BIOSPHERE', 'ECOLOGICAL DYNAMICS', 'VEGETATION', 'HUMAN DIMENSIONS', 'HABITAT CONVERSION/FRAGMENTATION', 'ENVIRONMENTAL IMPACTS', 'HUMAN HEALTH', 'TERRESTRIAL HYDROSPHERE', 'GROUND WATER', 'WATER QUALITY/WATER CHEMISTRY', 'LAND SURFACE', 'EROSION/SEDIMENTATION', 'LAND USE/LAND COVER', 'SOILS', 'SOLID EARTH', 'NATURAL RESOURCES']",['ESI'],Farmer,8
2001 Environmental Sustainability Index (ESI),"['EARTH SCIENCE', 'ATMOSPHERE', 'AIR QUALITY', 'ATMOSPHERIC CHEMISTRY', 'BIOLOGICAL CLASSIFICATION', 'ANIMALS/VERTEBRATES', 'BIOSPHERE', 'ECOLOGICAL DYNAMICS', 'VEGETATION', 'HUMAN DIMENSIONS', 'HABITAT CONVERSION/FRAGMENTATION', 'ENVIRONMENTAL IMPACTS', 'HUMAN HEALTH', 'TERRESTRIAL HYDROSPHERE', 'GROUND WATER', 'WATER QUALITY/WATER CHEMISTRY', 'LAND SURFACE', 'EROSION/SEDIMENTATION', 'LAND USE/LAND COVER', 'SOILS', 'SOLID EARTH', 'NATURAL RESOURCES']",['ESI'],Biologist,94
2001 Environmental Sustainability Index (ESI),"['EARTH SCIENCE', 'ATMOSPHERE', 'AIR QUALITY', 'ATMOSPHERIC CHEMISTRY', 'BIOLOGICAL CLASSIFICATION', 'ANIMALS/VERTEBRATES', 'BIOSPHERE', 'ECOLOGICAL DYNAMICS', 'VEGETATION', 'HUMAN DIMENSIONS', 'HABITAT CONVERSION/FRAGMENTATION', 'ENVIRONMENTAL IMPACTS', 'HUMAN HEALTH', 'TERRESTRIAL HYDROSPHERE', 'GROUND WATER', 'WATER QUALITY/WATER CHEMISTRY', 'LAND SURFACE', 'EROSION/SEDIMENTATION', 'LAND USE/LAND COVER', 'SOILS', 'SOLID EARTH', 'NATURAL RESOURCES']",['ESI'],Power Engineer,86
2001 Environmental Sustainability Index (ESI),"['EARTH SCIENCE', 'ATMOSPHERE', 'AIR QUALITY', 'ATMOSPHERIC CHEMISTRY', 'BIOLOGICAL CLASSIFICATION', 'ANIMALS/VERTEBRATES', 'BIOSPHERE', 'ECOLOGICAL DYNAMICS', 'VEGETATION', 'HUMAN DIMENSIONS', 'HABITAT CONVERSION/FRAGMENTATION', 'ENVIRONMENTAL IMPACTS', 'HUMAN HEALTH', 'TERRESTRIAL HYDROSPHERE', 'GROUND WATER', 'WATER QUALITY/WATER CHEMISTRY', 'LAND SURFACE', 'EROSION/SEDIMENTATION', 'LAND USE/LAND COVER', 'SOILS', 'SOLID EARTH', 'NATURAL RESOURCES']",['ESI'],Teacher,97
2001 Environmental Sustainability Index (ESI),"['EARTH SCIENCE', 'ATMOSPHERE', 'AIR QUALITY', 'ATMOSPHERIC CHEMISTRY', 'BIOLOGICAL CLASSIFICATION', 'ANIMALS/VERTEBRATES', 'BIOSPHERE', 'ECOLOGICAL DYNAMICS', 'VEGETATION', 'HUMAN DIMENSIONS', 'HABITAT CONVERSION/FRAGMENTATION', 'ENVIRONMENTAL IMPACTS', 'HUMAN HEALTH', 'TERRESTRIAL HYDROSPHERE', 'GROUND WATER', 'WATER QUALITY/WATER CHEMISTRY', 'LAND SURFACE', 'EROSION/SEDIMENTATION', 'LAND USE/LAND COVER', 'SOILS', 'SOLID EARTH', 'NATURAL RESOURCES']",['ESI'],Physicist,82
2001 Environmental Sustainability Index (ESI),"['EARTH SCIENCE', 'ATMOSPHERE', 'AIR QUALITY', 'ATMOSPHERIC CHEMISTRY', 'BIOLOGICAL CLASSIFICATION', 'ANIMALS/VERTEBRATES', 'BIOSPHERE', 'ECOLOGICAL DYNAMICS', 'VEGETATION', 'HUMAN DIMENSIONS', 'HABITAT CONVERSION/FRAGMENTATION', 'ENVIRONMENTAL IMPACTS', 'HUMAN HEALTH', 'TERRESTRIAL HYDROSPHERE', 'GROUND WATER', 'WATER QUALITY/WATER CHEMISTRY', 'LAND SURFACE', 'EROSION/SEDIMENTATION', 'LAND USE/LAND COVER', 'SOILS', 'SOLID EARTH', 'NATURAL RESOURCES']",['ESI'],Farmer,59
2001 Environmental Sustainability Index (ESI),"['EARTH SCIENCE', 'ATMOSPHERE', 'AIR QUALITY', 'ATMOSPHERIC CHEMISTRY', 'BIOLOGICAL CLASSIFICATION', 'ANIMALS/VERTEBRATES', 'BIOSPHERE', 'ECOLOGICAL DYNAMICS', 'VEGETATION', 'HUMAN DIMENSIONS', 'HABITAT CONVERSION/FRAGMENTATION', 'ENVIRONMENTAL IMPACTS', 'HUMAN HEALTH', 'TERRESTRIAL HYDROSPHERE', 'GROUND WATER', 'WATER QUALITY/WATER CHEMISTRY', 'LAND SURFACE', 'EROSION/SEDIMENTATION', 'LAND USE/LAND COVER', 'SOILS', 'SOLID EARTH', 'NATURAL RESOURCES']",['ESI'],Biologist,39
2001 Environmental Sustainability Index (ESI),"['EARTH SCIENCE', 'ATMOSPHERE', 'AIR QUALITY', 'ATMOSPHERIC CHEMISTRY', 'BIOLOGICAL CLASSIFICATION', 'ANIMALS/VERTEBRATES', 'BIOSPHERE', 'ECOLOGICAL DYNAMICS', 'VEGETATION', 'HUMAN DIMENSIONS', 'HABITAT CONVERSION/FRAGMENTATION', 'ENVIRONMENTAL IMPACTS', 'HUMAN HEALTH', 'TERRESTRIAL HYDROSPHERE', 'GROUND WATER', 'WATER QUALITY/WATER CHEMISTRY', 'LAND SURFACE', 'EROSION/SEDIMENTATION', 'LAND USE/LAND COVER', 'SOILS', 'SOLID EARTH', 'NATURAL RESOURCES']",['ESI'],Power Engineer,15
2002 Environmental Sustainability Index (ESI),"['EARTH SCIENCE', 'ATMOSPHERE', 'AIR QUALITY', 'ATMOSPHERIC CHEMISTRY', 'BIOLOGICAL CLASSIFICATION', 'ANIMALS/VERTEBRATES', 'BIOSPHERE', 'ECOLOGICAL DYNAMICS', 'VEGETATION', 'HUMAN DIMENSIONS', 'HABITAT CONVERSION/FRAGMENTATION', 'ENVIRONMENTAL IMPACTS', 'HUMAN HEALTH', 'TERRESTRIAL HYDROSPHERE', 'GROUND WATER', 'WATER QUALITY/WATER CHEMISTRY', 'LAND SURFACE', 'EROSION/SEDIMENTATION', 'LAND USE/LAND COVER', 'SOILS', 'SOLID EARTH', 'NATURAL RESOURCES']",['geospatial'],Teacher,54
2002 Environmental Sustainability Index (ESI),"['EARTH SCIENCE', 'ATMOSPHERE', 'AIR QUALITY', 'ATMOSPHERIC CHEMISTRY', 'BIOLOGICAL CLASSIFICATION', 'ANIMALS/VERTEBRATES', 'BIOSPHERE', 'ECOLOGICAL DYNAMICS', 'VEGETATION', 'HUMAN DIMENSIONS', 'HABITAT CONVERSION/FRAGMENTATION', 'ENVIRONMENTAL IMPACTS', 'HUMAN HEALTH', 'TERRESTRIAL HYDROSPHERE', 'GROUND WATER', 'WATER QUALITY/WATER CHEMISTRY', 'LAND SURFACE', 'EROSION/SEDIMENTATION', 'LAND USE/LAND COVER', 'SOILS', 'SOLID EARTH', 'NATURAL RESOURCES']",['geospatial'],Physicist,18
2002 Environmental Sustainability Index (ESI),"['EARTH SCIENCE', 'ATMOSPHERE', 'AIR QUALITY', 'ATMOSPHERIC CHEMISTRY', 'BIOLOGICAL CLASSIFICATION', 'ANIMALS/VERTEBRATES', 'BIOSPHERE', 'ECOLOGICAL DYNAMICS', 'VEGETATION', 'HUMAN DIMENSIONS', 'HABITAT CONVERSION/FRAGMENTATION', 'ENVIRONMENTAL IMPACTS', 'HUMAN HEALTH', 'TERRESTRIAL HYDROSPHERE', 'GROUND WATER', 'WATER QUALITY/WATER CHEMISTRY', 'LAND SURFACE', 'EROSION/SEDIMENTATION', 'LAND USE/LAND COVER', 'SOILS', 'SOLID EARTH', 'NATURAL RESOURCES']",['geospatial'],Farmer,97
2002 Environmental Sustainability Index (ESI),"['EARTH SCIENCE', 'ATMOSPHERE', 'AIR QUALITY', 'ATMOSPHERIC CHEMISTRY', 'BIOLOGICAL CLASSIFICATION', 'ANIMALS/VERTEBRATES', 'BIOSPHERE', 'ECOLOGICAL DYNAMICS', 'VEGETATION', 'HUMAN DIMENSIONS', 'HABITAT CONVERSION/FRAGMENTATION', 'ENVIRONMENTAL IMPACTS', 'HUMAN HEALTH', 'TERRESTRIAL HYDROSPHERE', 'GROUND WATER', 'WATER QUALITY/WATER CHEMISTRY', 'LAND SURFACE', 'EROSION/SEDIMENTATION', 'LAND USE/LAND COVER', 'SOILS', 'SOLID EARTH', 'NATURAL RESOURCES']",['geospatial'],Biologist,66
2002 Environmental Sustainability Index (ESI),"['EARTH SCIENCE', 'ATMOSPHERE', 'AIR QUALITY', 'ATMOSPHERIC CHEMISTRY', 'BIOLOGICAL CLASSIFICATION', 'ANIMALS/VERTEBRATES', 'BIOSPHERE', 'ECOLOGICAL DYNAMICS', 'VEGETATION', 'HUMAN DIMENSIONS', 'HABITAT CONVERSION/FRAGMENTATION', 'ENVIRONMENTAL IMPACTS', 'HUMAN HEALTH', 'TERRESTRIAL HYDROSPHERE', 'GROUND WATER', 'WATER QUALITY/WATER CHEMISTRY', 'LAND SURFACE', 'EROSION/SEDIMENTATION', 'LAND USE/LAND COVER', 'SOILS', 'SOLID EARTH', 'NATURAL RESOURCES']",['geospatial'],Power Engineer,48
2002 Environmental Sustainability Index (ESI),"['EARTH SCIENCE', 'ATMOSPHERE', 'AIR QUALITY', 'ATMOSPHERIC CHEMISTRY', 'BIOLOGICAL CLASSIFICATION', 'ANIMALS/VERTEBRATES', 'BIOSPHERE', 'ECOLOGICAL DYNAMICS', 'VEGETATION', 'HUMAN DIMENSIONS', 'HABITAT CONVERSION/FRAGMENTATION', 'ENVIRONMENTAL IMPACTS', 'HUMAN HEALTH', 'TERRESTRIAL HYDROSPHERE', 'GROUND WATER', 'WATER QUALITY/WATER CHEMISTRY', 'LAND SURFACE', 'EROSION/SEDIMENTATION', 'LAND USE/LAND COVER', 'SOILS', 'SOLID EARTH', 'NATURAL RESOURCES']",['geospatial'],Teacher,53
2002 Environmental Sustainability Index (ESI),"['EARTH SCIENCE', 'ATMOSPHERE', 'AIR QUALITY', 'ATMOSPHERIC CHEMISTRY', 'BIOLOGICAL CLASSIFICATION', 'ANIMALS/VERTEBRATES', 'BIOSPHERE', 'ECOLOGICAL DYNAMICS', 'VEGETATION', 'HUMAN DIMENSIONS', 'HABITAT CONVERSION/FRAGMENTATION', 'ENVIRONMENTAL IMPACTS', 'HUMAN HEALTH', 'TERRESTRIAL HYDROSPHERE', 'GROUND WATER', 'WATER QUALITY/WATER CHEMISTRY', 'LAND SURFACE', 'EROSION/SEDIMENTATION', 'LAND USE/LAND COVER', 'SOILS', 'SOLID EARTH', 'NATURAL RESOURCES']",['geospatial'],Physicist,97
2002 Environmental Sustainability Index (ESI),"['EARTH SCIENCE', 'ATMOSPHERE', 'AIR QUALITY', 'ATMOSPHERIC CHEMISTRY', 'BIOLOGICAL CLASSIFICATION', 'ANIMALS/VERTEBRATES', 'BIOSPHERE', 'ECOLOGICAL DYNAMICS', 'VEGETATION', 'HUMAN DIMENSIONS', 'HABITAT CONVERSION/FRAGMENTATION', 'ENVIRONMENTAL IMPACTS', 'HUMAN HEALTH', 'TERRESTRIAL HYDROSPHERE', 'GROUND WATER', 'WATER QUALITY/WATER CHEMISTRY', 'LAND SURFACE', 'EROSION/SEDIMENTATION', 'LAND USE/LAND COVER', 'SOILS', 'SOLID EARTH', 'NATURAL RESOURCES']",['geospatial'],Farmer,53
2002 Environmental Sustainability Index (ESI),"['EARTH SCIENCE', 'ATMOSPHERE', 'AIR QUALITY', 'ATMOSPHERIC CHEMISTRY', 'BIOLOGICAL CLASSIFICATION', 'ANIMALS/VERTEBRATES', 'BIOSPHERE', 'ECOLOGICAL DYNAMICS', 'VEGETATION', 'HUMAN DIMENSIONS', 'HABITAT CONVERSION/FRAGMENTATION', 'ENVIRONMENTAL IMPACTS', 'HUMAN HEALTH', 'TERRESTRIAL HYDROSPHERE', 'GROUND WATER', 'WATER QUALITY/WATER CHEMISTRY', 'LAND SURFACE', 'EROSION/SEDIMENTATION', 'LAND USE/LAND COVER', 'SOILS', 'SOLID EARTH', 'NATURAL RESOURCES']",['geospatial'],Biologist,4
2002 Environmental Sustainability Index (ESI),"['EARTH SCIENCE', 'ATMOSPHERE', 'AIR QUALITY', 'ATMOSPHERIC CHEMISTRY', 'BIOLOGICAL CLASSIFICATION', 'ANIMALS/VERTEBRATES', 'BIOSPHERE', 'ECOLOGICAL DYNAMICS', 'VEGETATION', 'HUMAN DIMENSIONS', 'HABITAT CONVERSION/FRAGMENTATION', 'ENVIRONMENTAL IMPACTS', 'HUMAN HEALTH', 'TERRESTRIAL HYDROSPHERE', 'GROUND WATER', 'WATER QUALITY/WATER CHEMISTRY', 'LAND SURFACE', 'EROSION/SEDIMENTATION', 'LAND USE/LAND COVER', 'SOILS', 'SOLID EARTH', 'NATURAL RESOURCES']",['geospatial'],Power Engineer,59
2002 Environmental Sustainability Index (ESI),"['EARTH SCIENCE', 'ATMOSPHERE', 'AIR QUALITY', 'ATMOSPHERIC CHEMISTRY', 'BIOLOGICAL CLASSIFICATION', 'ANIMALS/VERTEBRATES', 'BIOSPHERE', 'ECOLOGICAL DYNAMICS', 'VEGETATION', 'HUMAN DIMENSIONS', 'HABITAT CONVERSION/FRAGMENTATION', 'ENVIRONMENTAL IMPACTS', 'HUMAN HEALTH', 'TERRESTRIAL HYDROSPHERE', 'GROUND WATER', 'WATER QUALITY/WATER CHEMISTRY', 'LAND SURFACE', 'EROSION/SEDIMENTATION', 'LAND USE/LAND COVER', 'SOILS', 'SOLID EARTH', 'NATURAL RESOURCES']",['geospatial'],Teacher,27
2002 Environmental Sustainability Index (ESI),"['EARTH SCIENCE', 'ATMOSPHERE', 'AIR QUALITY', 'ATMOSPHERIC CHEMISTRY', 'BIOLOGICAL CLASSIFICATION', 'ANIMALS/VERTEBRATES', 'BIOSPHERE', 'ECOLOGICAL DYNAMICS', 'VEGETATION', 'HUMAN DIMENSIONS', 'HABITAT CONVERSION/FRAGMENTATION', 'ENVIRONMENTAL IMPACTS', 'HUMAN HEALTH', 'TERRESTRIAL HYDROSPHERE', 'GROUND WATER', 'WATER QUALITY/WATER CHEMISTRY', 'LAND SURFACE', 'EROSION/SEDIMENTATION', 'LAND USE/LAND COVER', 'SOILS', 'SOLID EARTH', 'NATURAL RESOURCES']",['geospatial'],Physicist,67
2002 Environmental Sustainability Index (ESI),"['EARTH SCIENCE', 'ATMOSPHERE', 'AIR QUALITY', 'ATMOSPHERIC CHEMISTRY', 'BIOLOGICAL CLASSIFICATION', 'ANIMALS/VERTEBRATES', 'BIOSPHERE', 'ECOLOGICAL DYNAMICS', 'VEGETATION', 'HUMAN DIMENSIONS', 'HABITAT CONVERSION/FRAGMENTATION', 'ENVIRONMENTAL IMPACTS', 'HUMAN HEALTH', 'TERRESTRIAL HYDROSPHERE', 'GROUND WATER', 'WATER QUALITY/WATER CHEMISTRY', 'LAND SURFACE', 'EROSION/SEDIMENTATION', 'LAND USE/LAND COVER', 'SOILS', 'SOLID EARTH', 'NATURAL RESOURCES']",['geospatial'],Farmer,37
2002 Environmental Sustainability Index (ESI),"['EARTH SCIENCE', 'ATMOSPHERE', 'AIR QUALITY', 'ATMOSPHERIC CHEMISTRY', 'BIOLOGICAL CLASSIFICATION', 'ANIMALS/VERTEBRATES', 'BIOSPHERE', 'ECOLOGICAL DYNAMICS', 'VEGETATION', 'HUMAN DIMENSIONS', 'HABITAT CONVERSION/FRAGMENTATION', 'ENVIRONMENTAL IMPACTS', 'HUMAN HEALTH', 'TERRESTRIAL HYDROSPHERE', 'GROUND WATER', 'WATER QUALITY/WATER CHEMISTRY', 'LAND SURFACE', 'EROSION/SEDIMENTATION', 'LAND USE/LAND COVER', 'SOILS', 'SOLID EARTH', 'NATURAL RESOURCES']",['geospatial'],Biologist,47
2002 Environmental Sustainability Index (ESI),"['EARTH SCIENCE', 'ATMOSPHERE', 'AIR QUALITY', 'ATMOSPHERIC CHEMISTRY', 'BIOLOGICAL CLASSIFICATION', 'ANIMALS/VERTEBRATES', 'BIOSPHERE', 'ECOLOGICAL DYNAMICS', 'VEGETATION', 'HUMAN DIMENSIONS', 'HABITAT CONVERSION/FRAGMENTATION', 'ENVIRONMENTAL IMPACTS', 'HUMAN HEALTH', 'TERRESTRIAL HYDROSPHERE', 'GROUND WATER', 'WATER QUALITY/WATER CHEMISTRY', 'LAND SURFACE', 'EROSION/SEDIMENTATION', 'LAND USE/LAND COVER', 'SOILS', 'SOLID EARTH', 'NATURAL RESOURCES']",['geospatial'],Power Engineer,13
2005 Environmental Sustainability Index (ESI),"['EARTH SCIENCE', 'ATMOSPHERE', 'AIR QUALITY', 'ATMOSPHERIC CHEMISTRY', 'BIOLOGICAL CLASSIFICATION', 'ANIMALS/VERTEBRATES', 'BIOSPHERE', 'ECOLOGICAL DYNAMICS', 'VEGETATION', 'HUMAN DIMENSIONS', 'HABITAT CONVERSION/FRAGMENTATION', 'ENVIRONMENTAL IMPACTS', 'HUMAN HEALTH', 'TERRESTRIAL HYDROSPHERE', 'GROUND WATER', 'WATER QUALITY/WATER CHEMISTRY', 'LAND SURFACE', 'EROSION/SEDIMENTATION', 'LAND USE/LAND COVER', 'SOILS', 'SOLID EARTH', 'NATURAL RESOURCES']",['geospatial'],Teacher,10
2005 Environmental Sustainability Index (ESI),"['EARTH SCIENCE', 'ATMOSPHERE', 'AIR QUALITY', 'ATMOSPHERIC CHEMISTRY', 'BIOLOGICAL CLASSIFICATION', 'ANIMALS/VERTEBRATES', 'BIOSPHERE', 'ECOLOGICAL DYNAMICS', 'VEGETATION', 'HUMAN DIMENSIONS', 'HABITAT CONVERSION/FRAGMENTATION', 'ENVIRONMENTAL IMPACTS', 'HUMAN HEALTH', 'TERRESTRIAL HYDROSPHERE', 'GROUND WATER', 'WATER QUALITY/WATER CHEMISTRY', 'LAND SURFACE', 'EROSION/SEDIMENTATION', 'LAND USE/LAND COVER', 'SOILS', 'SOLID EARTH', 'NATURAL RESOURCES']",['geospatial'],Physicist,48
2005 Environmental Sustainability Index (ESI),"['EARTH SCIENCE', 'ATMOSPHERE', 'AIR QUALITY', 'ATMOSPHERIC CHEMISTRY', 'BIOLOGICAL CLASSIFICATION', 'ANIMALS/VERTEBRATES', 'BIOSPHERE', 'ECOLOGICAL DYNAMICS', 'VEGETATION', 'HUMAN DIMENSIONS', 'HABITAT CONVERSION/FRAGMENTATION', 'ENVIRONMENTAL IMPACTS', 'HUMAN HEALTH', 'TERRESTRIAL HYDROSPHERE', 'GROUND WATER', 'WATER QUALITY/WATER CHEMISTRY', 'LAND SURFACE', 'EROSION/SEDIMENTATION', 'LAND USE/LAND COVER', 'SOILS', 'SOLID EARTH', 'NATURAL RESOURCES']",['geospatial'],Farmer,43
2005 Environmental Sustainability Index (ESI),"['EARTH SCIENCE', 'ATMOSPHERE', 'AIR QUALITY', 'ATMOSPHERIC CHEMISTRY', 'BIOLOGICAL CLASSIFICATION', 'ANIMALS/VERTEBRATES', 'BIOSPHERE', 'ECOLOGICAL DYNAMICS', 'VEGETATION', 'HUMAN DIMENSIONS', 'HABITAT CONVERSION/FRAGMENTATION', 'ENVIRONMENTAL IMPACTS', 'HUMAN HEALTH', 'TERRESTRIAL HYDROSPHERE', 'GROUND WATER', 'WATER QUALITY/WATER CHEMISTRY', 'LAND SURFACE', 'EROSION/SEDIMENTATION', 'LAND USE/LAND COVER', 'SOILS', 'SOLID EARTH', 'NATURAL RESOURCES']",['geospatial'],Biologist,50
2005 Environmental Sustainability Index (ESI),"['EARTH SCIENCE', 'ATMOSPHERE', 'AIR QUALITY', 'ATMOSPHERIC CHEMISTRY', 'BIOLOGICAL CLASSIFICATION', 'ANIMALS/VERTEBRATES', 'BIOSPHERE', 'ECOLOGICAL DYNAMICS', 'VEGETATION', 'HUMAN DIMENSIONS', 'HABITAT CONVERSION/FRAGMENTATION', 'ENVIRONMENTAL IMPACTS', 'HUMAN HEALTH', 'TERRESTRIAL HYDROSPHERE', 'GROUND WATER', 'WATER QUALITY/WATER CHEMISTRY', 'LAND SURFACE', 'EROSION/SEDIMENTATION', 'LAND USE/LAND COVER', 'SOILS', 'SOLID EARTH', 'NATURAL RESOURCES']",['geospatial'],Power Engineer,41
2005 Environmental Sustainability Index (ESI),"['EARTH SCIENCE', 'ATMOSPHERE', 'AIR QUALITY', 'ATMOSPHERIC CHEMISTRY', 'BIOLOGICAL CLASSIFICATION', 'ANIMALS/VERTEBRATES', 'BIOSPHERE', 'ECOLOGICAL DYNAMICS', 'VEGETATION', 'HUMAN DIMENSIONS', 'HABITAT CONVERSION/FRAGMENTATION', 'ENVIRONMENTAL IMPACTS', 'HUMAN HEALTH', 'TERRESTRIAL HYDROSPHERE', 'GROUND WATER', 'WATER QUALITY/WATER CHEMISTRY', 'LAND SURFACE', 'EROSION/SEDIMENTATION', 'LAND USE/LAND COVER', 'SOILS', 'SOLID EARTH', 'NATURAL RESOURCES']",['geospatial'],Teacher,36
2005 Environmental Sustainability Index (ESI),"['EARTH SCIENCE', 'ATMOSPHERE', 'AIR QUALITY', 'ATMOSPHERIC CHEMISTRY', 'BIOLOGICAL CLASSIFICATION', 'ANIMALS/VERTEBRATES', 'BIOSPHERE', 'ECOLOGICAL DYNAMICS', 'VEGETATION', 'HUMAN DIMENSIONS', 'HABITAT CONVERSION/FRAGMENTATION', 'ENVIRONMENTAL IMPACTS', 'HUMAN HEALTH', 'TERRESTRIAL HYDROSPHERE', 'GROUND WATER', 'WATER QUALITY/WATER CHEMISTRY', 'LAND SURFACE', 'EROSION/SEDIMENTATION', 'LAND USE/LAND COVER', 'SOILS', 'SOLID EARTH', 'NATURAL RESOURCES']",['geospatial'],Physicist,28
2005 Environmental Sustainability Index (ESI),"['EARTH SCIENCE', 'ATMOSPHERE', 'AIR QUALITY', 'ATMOSPHERIC CHEMISTRY', 'BIOLOGICAL CLASSIFICATION', 'ANIMALS/VERTEBRATES', 'BIOSPHERE', 'ECOLOGICAL DYNAMICS', 'VEGETATION', 'HUMAN DIMENSIONS', 'HABITAT CONVERSION/FRAGMENTATION', 'ENVIRONMENTAL IMPACTS', 'HUMAN HEALTH', 'TERRESTRIAL HYDROSPHERE', 'GROUND WATER', 'WATER QUALITY/WATER CHEMISTRY', 'LAND SURFACE', 'EROSION/SEDIMENTATION', 'LAND USE/LAND COVER', 'SOILS', 'SOLID EARTH', 'NATURAL RESOURCES']",['geospatial'],Farmer,11
2005 Environmental Sustainability Index (ESI),"['EARTH SCIENCE', 'ATMOSPHERE', 'AIR QUALITY', 'ATMOSPHERIC CHEMISTRY', 'BIOLOGICAL CLASSIFICATION', 'ANIMALS/VERTEBRATES', 'BIOSPHERE', 'ECOLOGICAL DYNAMICS', 'VEGETATION', 'HUMAN DIMENSIONS', 'HABITAT CONVERSION/FRAGMENTATION', 'ENVIRONMENTAL IMPACTS', 'HUMAN HEALTH', 'TERRESTRIAL HYDROSPHERE', 'GROUND WATER', 'WATER QUALITY/WATER CHEMISTRY', 'LAND SURFACE', 'EROSION/SEDIMENTATION', 'LAND USE/LAND COVER', 'SOILS', 'SOLID EARTH', 'NATURAL RESOURCES']",['geospatial'],Biologist,6
2005 Environmental Sustainability Index (ESI),"['EARTH SCIENCE', 'ATMOSPHERE', 'AIR QUALITY', 'ATMOSPHERIC CHEMISTRY', 'BIOLOGICAL CLASSIFICATION', 'ANIMALS/VERTEBRATES', 'BIOSPHERE', 'ECOLOGICAL DYNAMICS', 'VEGETATION', 'HUMAN DIMENSIONS', 'HABITAT CONVERSION/FRAGMENTATION', 'ENVIRONMENTAL IMPACTS', 'HUMAN HEALTH', 'TERRESTRIAL HYDROSPHERE', 'GROUND WATER', 'WATER QUALITY/WATER CHEMISTRY', 'LAND SURFACE', 'EROSION/SEDIMENTATION', 'LAND USE/LAND COVER', 'SOILS', 'SOLID EARTH', 'NATURAL RESOURCES']",['geospatial'],Power Engineer,3
2005 Environmental Sustainability Index (ESI),"['EARTH SCIENCE', 'ATMOSPHERE', 'AIR QUALITY', 'ATMOSPHERIC CHEMISTRY', 'BIOLOGICAL CLASSIFICATION', 'ANIMALS/VERTEBRATES', 'BIOSPHERE', 'ECOLOGICAL DYNAMICS', 'VEGETATION', 'HUMAN DIMENSIONS', 'HABITAT CONVERSION/FRAGMENTATION', 'ENVIRONMENTAL IMPACTS', 'HUMAN HEALTH', 'TERRESTRIAL HYDROSPHERE', 'GROUND WATER', 'WATER QUALITY/WATER CHEMISTRY', 'LAND SURFACE', 'EROSION/SEDIMENTATION', 'LAND USE/LAND COVER', 'SOILS', 'SOLID EARTH', 'NATURAL RESOURCES']",['geospatial'],Teacher,75
2005 Environmental Sustainability Index (ESI),"['EARTH SCIENCE', 'ATMOSPHERE', 'AIR QUALITY', 'ATMOSPHERIC CHEMISTRY', 'BIOLOGICAL CLASSIFICATION', 'ANIMALS/VERTEBRATES', 'BIOSPHERE', 'ECOLOGICAL DYNAMICS', 'VEGETATION', 'HUMAN DIMENSIONS', 'HABITAT CONVERSION/FRAGMENTATION', 'ENVIRONMENTAL IMPACTS', 'HUMAN HEALTH', 'TERRESTRIAL HYDROSPHERE', 'GROUND WATER', 'WATER QUALITY/WATER CHEMISTRY', 'LAND SURFACE', 'EROSION/SEDIMENTATION', 'LAND USE/LAND COVER', 'SOILS', 'SOLID EARTH', 'NATURAL RESOURCES']",['geospatial'],Physicist,39
2005 Environmental Sustainability Index (ESI),"['EARTH SCIENCE', 'ATMOSPHERE', 'AIR QUALITY', 'ATMOSPHERIC CHEMISTRY', 'BIOLOGICAL CLASSIFICATION', 'ANIMALS/VERTEBRATES', 'BIOSPHERE', 'ECOLOGICAL DYNAMICS', 'VEGETATION', 'HUMAN DIMENSIONS', 'HABITAT CONVERSION/FRAGMENTATION', 'ENVIRONMENTAL IMPACTS', 'HUMAN HEALTH', 'TERRESTRIAL HYDROSPHERE', 'GROUND WATER', 'WATER QUALITY/WATER CHEMISTRY', 'LAND SURFACE', 'EROSION/SEDIMENTATION', 'LAND USE/LAND COVER', 'SOILS', 'SOLID EARTH', 'NATURAL RESOURCES']",['geospatial'],Farmer,54
2005 Environmental Sustainability Index (ESI),"['EARTH SCIENCE', 'ATMOSPHERE', 'AIR QUALITY', 'ATMOSPHERIC CHEMISTRY', 'BIOLOGICAL CLASSIFICATION', 'ANIMALS/VERTEBRATES', 'BIOSPHERE', 'ECOLOGICAL DYNAMICS', 'VEGETATION', 'HUMAN DIMENSIONS', 'HABITAT CONVERSION/FRAGMENTATION', 'ENVIRONMENTAL IMPACTS', 'HUMAN HEALTH', 'TERRESTRIAL HYDROSPHERE', 'GROUND WATER', 'WATER QUALITY/WATER CHEMISTRY', 'LAND SURFACE', 'EROSION/SEDIMENTATION', 'LAND USE/LAND COVER', 'SOILS', 'SOLID EARTH', 'NATURAL RESOURCES']",['geospatial'],Biologist,22
2005 Environmental Sustainability Index (ESI),"['EARTH SCIENCE', 'ATMOSPHERE', 'AIR QUALITY', 'ATMOSPHERIC CHEMISTRY', 'BIOLOGICAL CLASSIFICATION', 'ANIMALS/VERTEBRATES', 'BIOSPHERE', 'ECOLOGICAL DYNAMICS', 'VEGETATION', 'HUMAN DIMENSIONS', 'HABITAT CONVERSION/FRAGMENTATION', 'ENVIRONMENTAL IMPACTS', 'HUMAN HEALTH', 'TERRESTRIAL HYDROSPHERE', 'GROUND WATER', 'WATER QUALITY/WATER CHEMISTRY', 'LAND SURFACE', 'EROSION/SEDIMENTATION', 'LAND USE/LAND COVER', 'SOILS', 'SOLID EARTH', 'NATURAL RESOURCES']",['geospatial'],Power Engineer,17
2008 Environmental Performance Index (EPI),"['EARTH SCIENCE', 'AGRICULTURE', 'AGRICULTURAL AQUATIC SCIENCES', 'ATMOSPHERE', 'AIR QUALITY', 'ATMOSPHERIC CHEMISTRY', 'BIOSPHERE', 'ECOLOGICAL DYNAMICS']",['geospatial'],Teacher,98
2008 Environmental Performance Index (EPI),"['EARTH SCIENCE', 'AGRICULTURE', 'AGRICULTURAL AQUATIC SCIENCES', 'ATMOSPHERE', 'AIR QUALITY', 'ATMOSPHERIC CHEMISTRY', 'BIOSPHERE', 'ECOLOGICAL DYNAMICS']",['geospatial'],Physicist,20
2008 Environmental Performance Index (EPI),"['EARTH SCIENCE', 'AGRICULTURE', 'AGRICULTURAL AQUATIC SCIENCES', 'ATMOSPHERE', 'AIR QUALITY', 'ATMOSPHERIC CHEMISTRY', 'BIOSPHERE', 'ECOLOGICAL DYNAMICS']",['geospatial'],Farmer,16
2008 Environmental Performance Index (EPI),"['EARTH SCIENCE', 'AGRICULTURE', 'AGRICULTURAL AQUATIC SCIENCES', 'ATMOSPHERE', 'AIR QUALITY', 'ATMOSPHERIC CHEMISTRY', 'BIOSPHERE', 'ECOLOGICAL DYNAMICS']",['geospatial'],Biologist,96
2008 Environmental Performance Index (EPI),"['EARTH SCIENCE', 'AGRICULTURE', 'AGRICULTURAL AQUATIC SCIENCES', 'ATMOSPHERE', 'AIR QUALITY', 'ATMOSPHERIC CHEMISTRY', 'BIOSPHERE', 'ECOLOGICAL DYNAMICS']",['geospatial'],Power Engineer,57
2008 Environmental Performance Index (EPI),"['EARTH SCIENCE', 'AGRICULTURE', 'AGRICULTURAL AQUATIC SCIENCES', 'ATMOSPHERE', 'AIR QUALITY', 'ATMOSPHERIC CHEMISTRY', 'BIOSPHERE', 'ECOLOGICAL DYNAMICS']",['geospatial'],Teacher,40
2008 Environmental Performance Index (EPI),"['EARTH SCIENCE', 'AGRICULTURE', 'AGRICULTURAL AQUATIC SCIENCES', 'ATMOSPHERE', 'AIR QUALITY', 'ATMOSPHERIC CHEMISTRY', 'BIOSPHERE', 'ECOLOGICAL DYNAMICS']",['geospatial'],Physicist,49
2008 Environmental Performance Index (EPI),"['EARTH SCIENCE', 'AGRICULTURE', 'AGRICULTURAL AQUATIC SCIENCES', 'ATMOSPHERE', 'AIR QUALITY', 'ATMOSPHERIC CHEMISTRY', 'BIOSPHERE', 'ECOLOGICAL DYNAMICS']",['geospatial'],Farmer,4
2008 Environmental Performance Index (EPI),"['EARTH SCIENCE', 'AGRICULTURE', 'AGRICULTURAL AQUATIC SCIENCES', 'ATMOSPHERE', 'AIR QUALITY', 'ATMOSPHERIC CHEMISTRY', 'BIOSPHERE', 'ECOLOGICAL DYNAMICS']",['geospatial'],Biologist,89
2008 Environmental Performance Index (EPI),"['EARTH SCIENCE', 'AGRICULTURE', 'AGRICULTURAL AQUATIC SCIENCES', 'ATMOSPHERE', 'AIR QUALITY', 'ATMOSPHERIC CHEMISTRY', 'BIOSPHERE', 'ECOLOGICAL DYNAMICS']",['geospatial'],Power Engineer,90
2008 Environmental Performance Index (EPI),"['EARTH SCIENCE', 'AGRICULTURE', 'AGRICULTURAL AQUATIC SCIENCES', 'ATMOSPHERE', 'AIR QUALITY', 'ATMOSPHERIC CHEMISTRY', 'BIOSPHERE', 'ECOLOGICAL DYNAMICS']",['geospatial'],Teacher,61
2008 Environmental Performance Index (EPI),"['EARTH SCIENCE', 'AGRICULTURE', 'AGRICULTURAL AQUATIC SCIENCES', 'ATMOSPHERE', 'AIR QUALITY', 'ATMOSPHERIC CHEMISTRY', 'BIOSPHERE', 'ECOLOGICAL DYNAMICS']",['geospatial'],Physicist,23
2008 Environmental Performance Index (EPI),"['EARTH SCIENCE', 'AGRICULTURE', 'AGRICULTURAL AQUATIC SCIENCES', 'ATMOSPHERE', 'AIR QUALITY', 'ATMOSPHERIC CHEMISTRY', 'BIOSPHERE', 'ECOLOGICAL DYNAMICS']",['geospatial'],Farmer,46
2008 Environmental Performance Index (EPI),"['EARTH SCIENCE', 'AGRICULTURE', 'AGRICULTURAL AQUATIC SCIENCES', 'ATMOSPHERE', 'AIR QUALITY', 'ATMOSPHERIC CHEMISTRY', 'BIOSPHERE', 'ECOLOGICAL DYNAMICS']",['geospatial'],Biologist,53
2008 Environmental Performance Index (EPI),"['EARTH SCIENCE', 'AGRICULTURE', 'AGRICULTURAL AQUATIC SCIENCES', 'ATMOSPHERE', 'AIR QUALITY', 'ATMOSPHERIC CHEMISTRY', 'BIOSPHERE', 'ECOLOGICAL DYNAMICS']",['geospatial'],Power Engineer,16
2008 Natural Resource Management Index (NRMI),"['EARTH SCIENCE', 'BIOSPHERE', 'ECOLOGICAL DYNAMICS', 'TERRESTRIAL ECOSYSTEMS']",['NRMI'],Teacher,72
2008 Natural Resource Management Index (NRMI),"['EARTH SCIENCE', 'BIOSPHERE', 'ECOLOGICAL DYNAMICS', 'TERRESTRIAL ECOSYSTEMS']",['NRMI'],Physicist,1
2008 Natural Resource Management Index (NRMI),"['EARTH SCIENCE', 'BIOSPHERE', 'ECOLOGICAL DYNAMICS', 'TERRESTRIAL ECOSYSTEMS']",['NRMI'],Farmer,82
2008 Natural Resource Management Index (NRMI),"['EARTH SCIENCE', 'BIOSPHERE', 'ECOLOGICAL DYNAMICS', 'TERRESTRIAL ECOSYSTEMS']",['NRMI'],Biologist,0
2008 Natural Resource Management Index (NRMI),"['EARTH SCIENCE', 'BIOSPHERE', 'ECOLOGICAL DYNAMICS', 'TERRESTRIAL ECOSYSTEMS']",['NRMI'],Power Engineer,1
2008 Natural Resource Management Index (NRMI),"['EARTH SCIENCE', 'BIOSPHERE', 'ECOLOGICAL DYNAMICS', 'TERRESTRIAL ECOSYSTEMS']",['NRMI'],Teacher,55
2008 Natural Resource Management Index (NRMI),"['EARTH SCIENCE', 'BIOSPHERE', 'ECOLOGICAL DYNAMICS', 'TERRESTRIAL ECOSYSTEMS']",['NRMI'],Physicist,0
2008 Natural Resource Management Index (NRMI),"['EARTH SCIENCE', 'BIOSPHERE', 'ECOLOGICAL DYNAMICS', 'TERRESTRIAL ECOSYSTEMS']",['NRMI'],Farmer,36
2008 Natural Resource Management Index (NRMI),"['EARTH SCIENCE', 'BIOSPHERE', 'ECOLOGICAL DYNAMICS', 'TERRESTRIAL ECOSYSTEMS']",['NRMI'],Biologist,8
2008 Natural Resource Management Index (NRMI),"['EARTH SCIENCE', 'BIOSPHERE', 'ECOLOGICAL DYNAMICS', 'TERRESTRIAL ECOSYSTEMS']",['NRMI'],Power Engineer,71
2008 Natural Resource Management Index (NRMI),"['EARTH SCIENCE', 'BIOSPHERE', 'ECOLOGICAL DYNAMICS', 'TERRESTRIAL ECOSYSTEMS']",['NRMI'],Teacher,51
2008 Natural Resource Management Index (NRMI),"['EARTH SCIENCE', 'BIOSPHERE', 'ECOLOGICAL DYNAMICS', 'TERRESTRIAL ECOSYSTEMS']",['NRMI'],Physicist,82
2008 Natural Resource Management Index (NRMI),"['EARTH SCIENCE', 'BIOSPHERE', 'ECOLOGICAL DYNAMICS', 'TERRESTRIAL ECOSYSTEMS']",['NRMI'],Farmer,75
2008 Natural Resource Management Index (NRMI),"['EARTH SCIENCE', 'BIOSPHERE', 'ECOLOGICAL DYNAMICS', 'TERRESTRIAL ECOSYSTEMS']",['NRMI'],Biologist,46
2008 Natural Resource Management Index (NRMI),"['EARTH SCIENCE', 'BIOSPHERE', 'ECOLOGICAL DYNAMICS', 'TERRESTRIAL ECOSYSTEMS']",['NRMI'],Power Engineer,72
2010 Environmental Performance Index (EPI),"['EARTH SCIENCE', 'AGRICULTURE', 'AGRICULTURAL AQUATIC SCIENCES', 'ATMOSPHERE', 'AIR QUALITY', 'ATMOSPHERIC CHEMISTRY', 'BIOSPHERE', 'ECOLOGICAL DYNAMICS']",['geospatial'],Teacher,84
2010 Environmental Performance Index (EPI),"['EARTH SCIENCE', 'AGRICULTURE', 'AGRICULTURAL AQUATIC SCIENCES', 'ATMOSPHERE', 'AIR QUALITY', 'ATMOSPHERIC CHEMISTRY', 'BIOSPHERE', 'ECOLOGICAL DYNAMICS']",['geospatial'],Physicist,60
2010 Environmental Performance Index (EPI),"['EARTH SCIENCE', 'AGRICULTURE', 'AGRICULTURAL AQUATIC SCIENCES', 'ATMOSPHERE', 'AIR QUALITY', 'ATMOSPHERIC CHEMISTRY', 'BIOSPHERE', 'ECOLOGICAL DYNAMICS']",['geospatial'],Farmer,62
2010 Environmental Performance Index (EPI),"['EARTH SCIENCE', 'AGRICULTURE', 'AGRICULTURAL AQUATIC SCIENCES', 'ATMOSPHERE', 'AIR QUALITY', 'ATMOSPHERIC CHEMISTRY', 'BIOSPHERE', 'ECOLOGICAL DYNAMICS']",['geospatial'],Biologist,73
2010 Environmental Performance Index (EPI),"['EARTH SCIENCE', 'AGRICULTURE', 'AGRICULTURAL AQUATIC SCIENCES', 'ATMOSPHERE', 'AIR QUALITY', 'ATMOSPHERIC CHEMISTRY', 'BIOSPHERE', 'ECOLOGICAL DYNAMICS']",['geospatial'],Power Engineer,87
2010 Environmental Performance Index (EPI),"['EARTH SCIENCE', 'AGRICULTURE', 'AGRICULTURAL AQUATIC SCIENCES', 'ATMOSPHERE', 'AIR QUALITY', 'ATMOSPHERIC CHEMISTRY', 'BIOSPHERE', 'ECOLOGICAL DYNAMICS']",['geospatial'],Teacher,18
2010 Environmental Performance Index (EPI),"['EARTH SCIENCE', 'AGRICULTURE', 'AGRICULTURAL AQUATIC SCIENCES', 'ATMOSPHERE', 'AIR QUALITY', 'ATMOSPHERIC CHEMISTRY', 'BIOSPHERE', 'ECOLOGICAL DYNAMICS']",['geospatial'],Physicist,92
2010 Environmental Performance Index (EPI),"['EARTH SCIENCE', 'AGRICULTURE', 'AGRICULTURAL AQUATIC SCIENCES', 'ATMOSPHERE', 'AIR QUALITY', 'ATMOSPHERIC CHEMISTRY', 'BIOSPHERE', 'ECOLOGICAL DYNAMICS']",['geospatial'],Farmer,46
2010 Environmental Performance Index (EPI),"['EARTH SCIENCE', 'AGRICULTURE', 'AGRICULTURAL AQUATIC SCIENCES', 'ATMOSPHERE', 'AIR QUALITY', 'ATMOSPHERIC CHEMISTRY', 'BIOSPHERE', 'ECOLOGICAL DYNAMICS']",['geospatial'],Biologist,51
2010 Environmental Performance Index (EPI),"['EARTH SCIENCE', 'AGRICULTURE', 'AGRICULTURAL AQUATIC SCIENCES', 'ATMOSPHERE', 'AIR QUALITY', 'ATMOSPHERIC CHEMISTRY', 'BIOSPHERE', 'ECOLOGICAL DYNAMICS']",['geospatial'],Power Engineer,44
2010 Environmental Performance Index (EPI),"['EARTH SCIENCE', 'AGRICULTURE', 'AGRICULTURAL AQUATIC SCIENCES', 'ATMOSPHERE', 'AIR QUALITY', 'ATMOSPHERIC CHEMISTRY', 'BIOSPHERE', 'ECOLOGICAL DYNAMICS']",['geospatial'],Teacher,27
2010 Environmental Performance Index (EPI),"['EARTH SCIENCE', 'AGRICULTURE', 'AGRICULTURAL AQUATIC SCIENCES', 'ATMOSPHERE', 'AIR QUALITY', 'ATMOSPHERIC CHEMISTRY', 'BIOSPHERE', 'ECOLOGICAL DYNAMICS']",['geospatial'],Physicist,69
2010 Environmental Performance Index (EPI),"['EARTH SCIENCE', 'AGRICULTURE', 'AGRICULTURAL AQUATIC SCIENCES', 'ATMOSPHERE', 'AIR QUALITY', 'ATMOSPHERIC CHEMISTRY', 'BIOSPHERE', 'ECOLOGICAL DYNAMICS']",['geospatial'],Farmer,82
2010 Environmental Performance Index (EPI),"['EARTH SCIENCE', 'AGRICULTURE', 'AGRICULTURAL AQUATIC SCIENCES', 'ATMOSPHERE', 'AIR QUALITY', 'ATMOSPHERIC CHEMISTRY', 'BIOSPHERE', 'ECOLOGICAL DYNAMICS']",['geospatial'],Biologist,53
2010 Environmental Performance Index (EPI),"['EARTH SCIENCE', 'AGRICULTURE', 'AGRICULTURAL AQUATIC SCIENCES', 'ATMOSPHERE', 'AIR QUALITY', 'ATMOSPHERIC CHEMISTRY', 'BIOSPHERE', 'ECOLOGICAL DYNAMICS']",['geospatial'],Power Engineer,0
2012 Environmental Performance Index and Pilot Trend Environmental Performance Index,"['EARTH SCIENCE', 'AGRICULTURE', 'AGRICULTURAL AQUATIC SCIENCES', 'ATMOSPHERE', 'AIR QUALITY', 'BIOSPHERE', 'ECOLOGICAL DYNAMICS']",['geospatial'],Teacher,3
2012 Environmental Performance Index and Pilot Trend Environmental Performance Index,"['EARTH SCIENCE', 'AGRICULTURE', 'AGRICULTURAL AQUATIC SCIENCES', 'ATMOSPHERE', 'AIR QUALITY', 'BIOSPHERE', 'ECOLOGICAL DYNAMICS']",['geospatial'],Physicist,82
2012 Environmental Performance Index and Pilot Trend Environmental Performance Index,"['EARTH SCIENCE', 'AGRICULTURE', 'AGRICULTURAL AQUATIC SCIENCES', 'ATMOSPHERE', 'AIR QUALITY', 'BIOSPHERE', 'ECOLOGICAL DYNAMICS']",['geospatial'],Farmer,57
2012 Environmental Performance Index and Pilot Trend Environmental Performance Index,"['EARTH SCIENCE', 'AGRICULTURE', 'AGRICULTURAL AQUATIC SCIENCES', 'ATMOSPHERE', 'AIR QUALITY', 'BIOSPHERE', 'ECOLOGICAL DYNAMICS']",['geospatial'],Biologist,81
2012 Environmental Performance Index and Pilot Trend Environmental Performance Index,"['EARTH SCIENCE', 'AGRICULTURE', 'AGRICULTURAL AQUATIC SCIENCES', 'ATMOSPHERE', 'AIR QUALITY', 'BIOSPHERE', 'ECOLOGICAL DYNAMICS']",['geospatial'],Power Engineer,8
2012 Environmental Performance Index and Pilot Trend Environmental Performance Index,"['EARTH SCIENCE', 'AGRICULTURE', 'AGRICULTURAL AQUATIC SCIENCES', 'ATMOSPHERE', 'AIR QUALITY', 'BIOSPHERE', 'ECOLOGICAL DYNAMICS']",['geospatial'],Teacher,28
2012 Environmental Performance Index and Pilot Trend Environmental Performance Index,"['EARTH SCIENCE', 'AGRICULTURE', 'AGRICULTURAL AQUATIC SCIENCES', 'ATMOSPHERE', 'AIR QUALITY', 'BIOSPHERE', 'ECOLOGICAL DYNAMICS']",['geospatial'],Physicist,38
2012 Environmental Performance Index and Pilot Trend Environmental Performance Index,"['EARTH SCIENCE', 'AGRICULTURE', 'AGRICULTURAL AQUATIC SCIENCES', 'ATMOSPHERE', 'AIR QUALITY', 'BIOSPHERE', 'ECOLOGICAL DYNAMICS']",['geospatial'],Farmer,52
2012 Environmental Performance Index and Pilot Trend Environmental Performance Index,"['EARTH SCIENCE', 'AGRICULTURE', 'AGRICULTURAL AQUATIC SCIENCES', 'ATMOSPHERE', 'AIR QUALITY', 'BIOSPHERE', 'ECOLOGICAL DYNAMICS']",['geospatial'],Biologist,83
2012 Environmental Performance Index and Pilot Trend Environmental Performance Index,"['EARTH SCIENCE', 'AGRICULTURE', 'AGRICULTURAL AQUATIC SCIENCES', 'ATMOSPHERE', 'AIR QUALITY', 'BIOSPHERE', 'ECOLOGICAL DYNAMICS']",['geospatial'],Power Engineer,69
2012 Environmental Performance Index and Pilot Trend Environmental Performance Index,"['EARTH SCIENCE', 'AGRICULTURE', 'AGRICULTURAL AQUATIC SCIENCES', 'ATMOSPHERE', 'AIR QUALITY', 'BIOSPHERE', 'ECOLOGICAL DYNAMICS']",['geospatial'],Teacher,73
2012 Environmental Performance Index and Pilot Trend Environmental Performance Index,"['EARTH SCIENCE', 'AGRICULTURE', 'AGRICULTURAL AQUATIC SCIENCES', 'ATMOSPHERE', 'AIR QUALITY', 'BIOSPHERE', 'ECOLOGICAL DYNAMICS']",['geospatial'],Physicist,1
2012 Environmental Performance Index and Pilot Trend Environmental Performance Index,"['EARTH SCIENCE', 'AGRICULTURE', 'AGRICULTURAL AQUATIC SCIENCES', 'ATMOSPHERE', 'AIR QUALITY', 'BIOSPHERE', 'ECOLOGICAL DYNAMICS']",['geospatial'],Farmer,4
2012 Environmental Performance Index and Pilot Trend Environmental Performance Index,"['EARTH SCIENCE', 'AGRICULTURE', 'AGRICULTURAL AQUATIC SCIENCES', 'ATMOSPHERE', 'AIR QUALITY', 'BIOSPHERE', 'ECOLOGICAL DYNAMICS']",['geospatial'],Biologist,43
2012 Environmental Performance Index and Pilot Trend Environmental Performance Index,"['EARTH SCIENCE', 'AGRICULTURE', 'AGRICULTURAL AQUATIC SCIENCES', 'ATMOSPHERE', 'AIR QUALITY', 'BIOSPHERE', 'ECOLOGICAL DYNAMICS']",['geospatial'],Power Engineer,41
30 Minute Rainfall Data (FIFE),"['EARTH SCIENCE', 'ATMOSPHERE', 'PRECIPITATION']",['geospatial'],Teacher,82
30 Minute Rainfall Data (FIFE),"['EARTH SCIENCE', 'ATMOSPHERE', 'PRECIPITATION']",['geospatial'],Physicist,80
30 Minute Rainfall Data (FIFE),"['EARTH SCIENCE', 'ATMOSPHERE', 'PRECIPITATION']",['geospatial'],Farmer,51
30 Minute Rainfall Data (FIFE),"['EARTH SCIENCE', 'ATMOSPHERE', 'PRECIPITATION']",['geospatial'],Biologist,4
30 Minute Rainfall Data (FIFE),"['EARTH SCIENCE', 'ATMOSPHERE', 'PRECIPITATION']",['geospatial'],Power Engineer,75
30 Minute Rainfall Data (FIFE),"['EARTH SCIENCE', 'ATMOSPHERE', 'PRECIPITATION']",['geospatial'],Teacher,45
30 Minute Rainfall Data (FIFE),"['EARTH SCIENCE', 'ATMOSPHERE', 'PRECIPITATION']",['geospatial'],Physicist,31
30 Minute Rainfall Data (FIFE),"['EARTH SCIENCE', 'ATMOSPHERE', 'PRECIPITATION']",['geospatial'],Farmer,90
30 Minute Rainfall Data (FIFE),"['EARTH SCIENCE', 'ATMOSPHERE', 'PRECIPITATION']",['geospatial'],Biologist,79
30 Minute Rainfall Data (FIFE),"['EARTH SCIENCE', 'ATMOSPHERE', 'PRECIPITATION']",['geospatial'],Power Engineer,31
30 Minute Rainfall Data (FIFE),"['EARTH SCIENCE', 'ATMOSPHERE', 'PRECIPITATION']","['FIFE', 'ESIP', 'EOSDIS']",Teacher,40
30 Minute Rainfall Data (FIFE),"['EARTH SCIENCE', 'ATMOSPHERE', 'PRECIPITATION']","['FIFE', 'ESIP', 'EOSDIS']",Physicist,42
30 Minute Rainfall Data (FIFE),"['EARTH SCIENCE', 'ATMOSPHERE', 'PRECIPITATION']","['FIFE', 'ESIP', 'EOSDIS']",Farmer,0
30 Minute Rainfall Data (FIFE),"['EARTH SCIENCE', 'ATMOSPHERE', 'PRECIPITATION']","['FIFE', 'ESIP', 'EOSDIS']",Biologist,15
30 Minute Rainfall Data (FIFE),"['EARTH SCIENCE', 'ATMOSPHERE', 'PRECIPITATION']","['FIFE', 'ESIP', 'EOSDIS']",Power Engineer,24
A Global Database of Carbon and Nutrient Concentrations of Green and Senesced Leaves,"['EARTH SCIENCE', 'BIOSPHERE', 'VEGETATION']",['geospatial'],Teacher,32
A Global Database of Carbon and Nutrient Concentrations of Green and Senesced Leaves,"['EARTH SCIENCE', 'BIOSPHERE', 'VEGETATION']",['geospatial'],Physicist,55
A Global Database of Carbon and Nutrient Concentrations of Green and Senesced Leaves,"['EARTH SCIENCE', 'BIOSPHERE', 'VEGETATION']",['geospatial'],Farmer,84
A Global Database of Carbon and Nutrient Concentrations of Green and Senesced Leaves,"['EARTH SCIENCE', 'BIOSPHERE', 'VEGETATION']",['geospatial'],Biologist,95
A Global Database of Carbon and Nutrient Concentrations of Green and Senesced Leaves,"['EARTH SCIENCE', 'BIOSPHERE', 'VEGETATION']",['geospatial'],Power Engineer,16
A Global Database of Carbon and Nutrient Concentrations of Green and Senesced Leaves,"['EARTH SCIENCE', 'BIOSPHERE', 'VEGETATION']",['geospatial'],Teacher,59
A Global Database of Carbon and Nutrient Concentrations of Green and Senesced Leaves,"['EARTH SCIENCE', 'BIOSPHERE', 'VEGETATION']",['geospatial'],Physicist,33
A Global Database of Carbon and Nutrient Concentrations of Green and Senesced Leaves,"['EARTH SCIENCE', 'BIOSPHERE', 'VEGETATION']",['geospatial'],Farmer,54
A Global Database of Carbon and Nutrient Concentrations of Green and Senesced Leaves,"['EARTH SCIENCE', 'BIOSPHERE', 'VEGETATION']",['geospatial'],Biologist,35
A Global Database of Carbon and Nutrient Concentrations of Green and Senesced Leaves,"['EARTH SCIENCE', 'BIOSPHERE', 'VEGETATION']",['geospatial'],Power Engineer,9
A Global Database of Carbon and Nutrient Concentrations of Green and Senesced Leaves,"['EARTH SCIENCE', 'BIOSPHERE', 'VEGETATION']","['VEGETATION COLLECTIONS', 'ESIP', 'EOSDIS']",Teacher,6
A Global Database of Carbon and Nutrient Concentrations of Green and Senesced Leaves,"['EARTH SCIENCE', 'BIOSPHERE', 'VEGETATION']","['VEGETATION COLLECTIONS', 'ESIP', 'EOSDIS']",Physicist,25
A Global Database of Carbon and Nutrient Concentrations of Green and Senesced Leaves,"['EARTH SCIENCE', 'BIOSPHERE', 'VEGETATION']","['VEGETATION COLLECTIONS', 'ESIP', 'EOSDIS']",Farmer,56
A Global Database of Carbon and Nutrient Concentrations of Green and Senesced Leaves,"['EARTH SCIENCE', 'BIOSPHERE', 'VEGETATION']","['VEGETATION COLLECTIONS', 'ESIP', 'EOSDIS']",Biologist,56
A Global Database of Carbon and Nutrient Concentrations of Green and Senesced Leaves,"['EARTH SCIENCE', 'BIOSPHERE', 'VEGETATION']","['VEGETATION COLLECTIONS', 'ESIP', 'EOSDIS']",Power Engineer,40
"A Global Database of Gas Fluxes from Soils after Rewetting or Thawing, Version 1.0","['EARTH SCIENCE', 'AGRICULTURE', 'SOILS', 'BIOSPHERE', 'ECOLOGICAL DYNAMICS', 'LAND SURFACE']",['geospatial'],Teacher,39
"A Global Database of Gas Fluxes from Soils after Rewetting or Thawing, Version 1.0","['EARTH SCIENCE', 'AGRICULTURE', 'SOILS', 'BIOSPHERE', 'ECOLOGICAL DYNAMICS', 'LAND SURFACE']",['geospatial'],Physicist,59
"A Global Database of Gas Fluxes from Soils after Rewetting or Thawing, Version 1.0","['EARTH SCIENCE', 'AGRICULTURE', 'SOILS', 'BIOSPHERE', 'ECOLOGICAL DYNAMICS', 'LAND SURFACE']",['geospatial'],Farmer,18
"A Global Database of Gas Fluxes from Soils after Rewetting or Thawing, Version 1.0","['EARTH SCIENCE', 'AGRICULTURE', 'SOILS', 'BIOSPHERE', 'ECOLOGICAL DYNAMICS', 'LAND SURFACE']",['geospatial'],Biologist,23
"A Global Database of Gas Fluxes from Soils after Rewetting or Thawing, Version 1.0","['EARTH SCIENCE', 'AGRICULTURE', 'SOILS', 'BIOSPHERE', 'ECOLOGICAL DYNAMICS', 'LAND SURFACE']",['geospatial'],Power Engineer,8
"A Global Database of Gas Fluxes from Soils after Rewetting or Thawing, Version 1.0","['EARTH SCIENCE', 'AGRICULTURE', 'SOILS', 'BIOSPHERE', 'ECOLOGICAL DYNAMICS', 'LAND SURFACE']",['geospatial'],Teacher,93
"A Global Database of Gas Fluxes from Soils after Rewetting or Thawing, Version 1.0","['EARTH SCIENCE', 'AGRICULTURE', 'SOILS', 'BIOSPHERE', 'ECOLOGICAL DYNAMICS', 'LAND SURFACE']",['geospatial'],Physicist,75
"A Global Database of Gas Fluxes from Soils after Rewetting or Thawing, Version 1.0","['EARTH SCIENCE', 'AGRICULTURE', 'SOILS', 'BIOSPHERE', 'ECOLOGICAL DYNAMICS', 'LAND SURFACE']",['geospatial'],Farmer,2
"A Global Database of Gas Fluxes from Soils after Rewetting or Thawing, Version 1.0","['EARTH SCIENCE', 'AGRICULTURE', 'SOILS', 'BIOSPHERE', 'ECOLOGICAL DYNAMICS', 'LAND SURFACE']",['geospatial'],Biologist,99
"A Global Database of Gas Fluxes from Soils after Rewetting or Thawing, Version 1.0","['EARTH SCIENCE', 'AGRICULTURE', 'SOILS', 'BIOSPHERE', 'ECOLOGICAL DYNAMICS', 'LAND SURFACE']",['geospatial'],Power Engineer,6
"A Global Database of Gas Fluxes from Soils after Rewetting or Thawing, Version 1.0","['EARTH SCIENCE', 'LAND SURFACE', 'SOILS', 'AGRICULTURE', 'BIOSPHERE', 'ECOLOGICAL DYNAMICS']","['SOIL COLLECTIONS', 'ESIP', 'EOSDIS']",Teacher,79
"A Global Database of Gas Fluxes from Soils after Rewetting or Thawing, Version 1.0","['EARTH SCIENCE', 'LAND SURFACE', 'SOILS', 'AGRICULTURE', 'BIOSPHERE', 'ECOLOGICAL DYNAMICS']","['SOIL COLLECTIONS', 'ESIP', 'EOSDIS']",Physicist,57
"A Global Database of Gas Fluxes from Soils after Rewetting or Thawing, Version 1.0","['EARTH SCIENCE', 'LAND SURFACE', 'SOILS', 'AGRICULTURE', 'BIOSPHERE', 'ECOLOGICAL DYNAMICS']","['SOIL COLLECTIONS', 'ESIP', 'EOSDIS']",Farmer,76
"A Global Database of Gas Fluxes from Soils after Rewetting or Thawing, Version 1.0","['EARTH SCIENCE', 'LAND SURFACE', 'SOILS', 'AGRICULTURE', 'BIOSPHERE', 'ECOLOGICAL DYNAMICS']","['SOIL COLLECTIONS', 'ESIP', 'EOSDIS']",Biologist,2
"A Global Database of Gas Fluxes from Soils after Rewetting or Thawing, Version 1.0","['EARTH SCIENCE', 'LAND SURFACE', 'SOILS', 'AGRICULTURE', 'BIOSPHERE', 'ECOLOGICAL DYNAMICS']","['SOIL COLLECTIONS', 'ESIP', 'EOSDIS']",Power Engineer,14
"A Global Database of Soil Respiration Data, Version 1.0","['EARTH SCIENCE', 'LAND SURFACE', 'SOILS', 'AGRICULTURE', 'BIOSPHERE', 'ECOLOGICAL DYNAMICS']","['SOIL COLLECTIONS', 'ESIP', 'EOSDIS']",Teacher,65
"A Global Database of Soil Respiration Data, Version 1.0","['EARTH SCIENCE', 'LAND SURFACE', 'SOILS', 'AGRICULTURE', 'BIOSPHERE', 'ECOLOGICAL DYNAMICS']","['SOIL COLLECTIONS', 'ESIP', 'EOSDIS']",Physicist,27
"A Global Database of Soil Respiration Data, Version 1.0","['EARTH SCIENCE', 'LAND SURFACE', 'SOILS', 'AGRICULTURE', 'BIOSPHERE', 'ECOLOGICAL DYNAMICS']","['SOIL COLLECTIONS', 'ESIP', 'EOSDIS']",Farmer,22
"A Global Database of Soil Respiration Data, Version 1.0","['EARTH SCIENCE', 'LAND SURFACE', 'SOILS', 'AGRICULTURE', 'BIOSPHERE', 'ECOLOGICAL DYNAMICS']","['SOIL COLLECTIONS', 'ESIP', 'EOSDIS']",Biologist,81
"A Global Database of Soil Respiration Data, Version 1.0","['EARTH SCIENCE', 'LAND SURFACE', 'SOILS', 'AGRICULTURE', 'BIOSPHERE', 'ECOLOGICAL DYNAMICS']","['SOIL COLLECTIONS', 'ESIP', 'EOSDIS']",Power Engineer,5
"A Global Database of Soil Respiration Data, Version 1.0","['EARTH SCIENCE', 'LAND SURFACE', 'SOILS', 'AGRICULTURE', 'BIOSPHERE', 'ECOLOGICAL DYNAMICS']","['SOIL COLLECTIONS', 'ESIP', 'EOSDIS']",Teacher,84
"A Global Database of Soil Respiration Data, Version 1.0","['EARTH SCIENCE', 'LAND SURFACE', 'SOILS', 'AGRICULTURE', 'BIOSPHERE', 'ECOLOGICAL DYNAMICS']","['SOIL COLLECTIONS', 'ESIP', 'EOSDIS']",Physicist,13
"A Global Database of Soil Respiration Data, Version 1.0","['EARTH SCIENCE', 'LAND SURFACE', 'SOILS', 'AGRICULTURE', 'BIOSPHERE', 'ECOLOGICAL DYNAMICS']","['SOIL COLLECTIONS', 'ESIP', 'EOSDIS']",Farmer,15
"A Global Database of Soil Respiration Data, Version 1.0","['EARTH SCIENCE', 'LAND SURFACE', 'SOILS', 'AGRICULTURE', 'BIOSPHERE', 'ECOLOGICAL DYNAMICS']","['SOIL COLLECTIONS', 'ESIP', 'EOSDIS']",Biologist,2
"A Global Database of Soil Respiration Data, Version 1.0","['EARTH SCIENCE', 'LAND SURFACE', 'SOILS', 'AGRICULTURE', 'BIOSPHERE', 'ECOLOGICAL DYNAMICS']","['SOIL COLLECTIONS', 'ESIP', 'EOSDIS']",Power Engineer,14
"A Global Database of Soil Respiration Data, Version 1.0","['EARTH SCIENCE', 'LAND SURFACE', 'SOILS', 'AGRICULTURE', 'BIOSPHERE', 'ECOLOGICAL DYNAMICS']","['SOIL COLLECTIONS', 'ESIP', 'EOSDIS']",Teacher,17
"A Global Database of Soil Respiration Data, Version 1.0","['EARTH SCIENCE', 'LAND SURFACE', 'SOILS', 'AGRICULTURE', 'BIOSPHERE', 'ECOLOGICAL DYNAMICS']","['SOIL COLLECTIONS', 'ESIP', 'EOSDIS']",Physicist,98
"A Global Database of Soil Respiration Data, Version 1.0","['EARTH SCIENCE', 'LAND SURFACE', 'SOILS', 'AGRICULTURE', 'BIOSPHERE', 'ECOLOGICAL DYNAMICS']","['SOIL COLLECTIONS', 'ESIP', 'EOSDIS']",Farmer,66
"A Global Database of Soil Respiration Data, Version 1.0","['EARTH SCIENCE', 'LAND SURFACE', 'SOILS', 'AGRICULTURE', 'BIOSPHERE', 'ECOLOGICAL DYNAMICS']","['SOIL COLLECTIONS', 'ESIP', 'EOSDIS']",Biologist,96
"A Global Database of Soil Respiration Data, Version 1.0","['EARTH SCIENCE', 'LAND SURFACE', 'SOILS', 'AGRICULTURE', 'BIOSPHERE', 'ECOLOGICAL DYNAMICS']","['SOIL COLLECTIONS', 'ESIP', 'EOSDIS']",Power Engineer,93
"A Global Database of Soil Respiration Data, Version 2.0","['EARTH SCIENCE', 'LAND SURFACE', 'SOILS', 'BIOSPHERE', 'ECOLOGICAL DYNAMICS', 'AGRICULTURE']","['SOIL COLLECTIONS', 'ESIP', 'EOSDIS']",Teacher,90
"A Global Database of Soil Respiration Data, Version 2.0","['EARTH SCIENCE', 'LAND SURFACE', 'SOILS', 'BIOSPHERE', 'ECOLOGICAL DYNAMICS', 'AGRICULTURE']","['SOIL COLLECTIONS', 'ESIP', 'EOSDIS']",Physicist,71
"A Global Database of Soil Respiration Data, Version 2.0","['EARTH SCIENCE', 'LAND SURFACE', 'SOILS', 'BIOSPHERE', 'ECOLOGICAL DYNAMICS', 'AGRICULTURE']","['SOIL COLLECTIONS', 'ESIP', 'EOSDIS']",Farmer,62
"A Global Database of Soil Respiration Data, Version 2.0","['EARTH SCIENCE', 'LAND SURFACE', 'SOILS', 'BIOSPHERE', 'ECOLOGICAL DYNAMICS', 'AGRICULTURE']","['SOIL COLLECTIONS', 'ESIP', 'EOSDIS']",Biologist,84
"A Global Database of Soil Respiration Data, Version 2.0","['EARTH SCIENCE', 'LAND SURFACE', 'SOILS', 'BIOSPHERE', 'ECOLOGICAL DYNAMICS', 'AGRICULTURE']","['SOIL COLLECTIONS', 'ESIP', 'EOSDIS']",Power Engineer,37
"A Global Database of Soil Respiration Data, Version 2.0","['EARTH SCIENCE', 'LAND SURFACE', 'SOILS', 'BIOSPHERE', 'ECOLOGICAL DYNAMICS', 'AGRICULTURE']","['SOIL COLLECTIONS', 'ESIP', 'EOSDIS']",Teacher,55
"A Global Database of Soil Respiration Data, Version 2.0","['EARTH SCIENCE', 'LAND SURFACE', 'SOILS', 'BIOSPHERE', 'ECOLOGICAL DYNAMICS', 'AGRICULTURE']","['SOIL COLLECTIONS', 'ESIP', 'EOSDIS']",Physicist,56
"A Global Database of Soil Respiration Data, Version 2.0","['EARTH SCIENCE', 'LAND SURFACE', 'SOILS', 'BIOSPHERE', 'ECOLOGICAL DYNAMICS', 'AGRICULTURE']","['SOIL COLLECTIONS', 'ESIP', 'EOSDIS']",Farmer,62
"A Global Database of Soil Respiration Data, Version 2.0","['EARTH SCIENCE', 'LAND SURFACE', 'SOILS', 'BIOSPHERE', 'ECOLOGICAL DYNAMICS', 'AGRICULTURE']","['SOIL COLLECTIONS', 'ESIP', 'EOSDIS']",Biologist,99
"A Global Database of Soil Respiration Data, Version 2.0","['EARTH SCIENCE', 'LAND SURFACE', 'SOILS', 'BIOSPHERE', 'ECOLOGICAL DYNAMICS', 'AGRICULTURE']","['SOIL COLLECTIONS', 'ESIP', 'EOSDIS']",Power Engineer,49
"A Global Database of Soil Respiration Data, Version 2.0","['EARTH SCIENCE', 'LAND SURFACE', 'SOILS', 'BIOSPHERE', 'ECOLOGICAL DYNAMICS', 'AGRICULTURE']","['SOIL COLLECTIONS', 'ESIP', 'EOSDIS']",Teacher,83
"A Global Database of Soil Respiration Data, Version 2.0","['EARTH SCIENCE', 'LAND SURFACE', 'SOILS', 'BIOSPHERE', 'ECOLOGICAL DYNAMICS', 'AGRICULTURE']","['SOIL COLLECTIONS', 'ESIP', 'EOSDIS']",Physicist,91
"A Global Database of Soil Respiration Data, Version 2.0","['EARTH SCIENCE', 'LAND SURFACE', 'SOILS', 'BIOSPHERE', 'ECOLOGICAL DYNAMICS', 'AGRICULTURE']","['SOIL COLLECTIONS', 'ESIP', 'EOSDIS']",Farmer,30
"A Global Database of Soil Respiration Data, Version 2.0","['EARTH SCIENCE', 'LAND SURFACE', 'SOILS', 'BIOSPHERE', 'ECOLOGICAL DYNAMICS', 'AGRICULTURE']","['SOIL COLLECTIONS', 'ESIP', 'EOSDIS']",Biologist,17
"A Global Database of Soil Respiration Data, Version 2.0","['EARTH SCIENCE', 'LAND SURFACE', 'SOILS', 'BIOSPHERE', 'ECOLOGICAL DYNAMICS', 'AGRICULTURE']","['SOIL COLLECTIONS', 'ESIP', 'EOSDIS']",Power Engineer,37
ACES CONTINUOUS DATA V1,"['EARTH SCIENCE', 'ATMOSPHERE', 'ATMOSPHERIC ELECTRICITY', 'ATMOSPHERIC PHENOMENA', 'ATMOSPHERIC WINDS', 'OCEANS', 'OCEAN WINDS', 'SOLID EARTH', 'GEOMAGNETISM', 'SPECTRAL/ENGINEERING', 'RADIO WAVE']",['geospatial'],Teacher,10
ACES CONTINUOUS DATA V1,"['EARTH SCIENCE', 'ATMOSPHERE', 'ATMOSPHERIC ELECTRICITY', 'ATMOSPHERIC PHENOMENA', 'ATMOSPHERIC WINDS', 'OCEANS', 'OCEAN WINDS', 'SOLID EARTH', 'GEOMAGNETISM', 'SPECTRAL/ENGINEERING', 'RADIO WAVE']",['geospatial'],Physicist,18
ACES CONTINUOUS DATA V1,"['EARTH SCIENCE', 'ATMOSPHERE', 'ATMOSPHERIC ELECTRICITY', 'ATMOSPHERIC PHENOMENA', 'ATMOSPHERIC WINDS', 'OCEANS', 'OCEAN WINDS', 'SOLID EARTH', 'GEOMAGNETISM', 'SPECTRAL/ENGINEERING', 'RADIO WAVE']",['geospatial'],Farmer,51
ACES CONTINUOUS DATA V1,"['EARTH SCIENCE', 'ATMOSPHERE', 'ATMOSPHERIC ELECTRICITY', 'ATMOSPHERIC PHENOMENA', 'ATMOSPHERIC WINDS', 'OCEANS', 'OCEAN WINDS', 'SOLID EARTH', 'GEOMAGNETISM', 'SPECTRAL/ENGINEERING', 'RADIO WAVE']",['geospatial'],Biologist,84
ACES CONTINUOUS DATA V1,"['EARTH SCIENCE', 'ATMOSPHERE', 'ATMOSPHERIC ELECTRICITY', 'ATMOSPHERIC PHENOMENA', 'ATMOSPHERIC WINDS', 'OCEANS', 'OCEAN WINDS', 'SOLID EARTH', 'GEOMAGNETISM', 'SPECTRAL/ENGINEERING', 'RADIO WAVE']",['geospatial'],Power Engineer,29
ACES CONTINUOUS DATA V1,"['EARTH SCIENCE', 'ATMOSPHERE', 'ATMOSPHERIC ELECTRICITY', 'ATMOSPHERIC PHENOMENA', 'ATMOSPHERIC WINDS', 'OCEANS', 'OCEAN WINDS', 'SOLID EARTH', 'GEOMAGNETISM', 'SPECTRAL/ENGINEERING', 'RADIO WAVE']",['geospatial'],Teacher,10
ACES CONTINUOUS DATA V1,"['EARTH SCIENCE', 'ATMOSPHERE', 'ATMOSPHERIC ELECTRICITY', 'ATMOSPHERIC PHENOMENA', 'ATMOSPHERIC WINDS', 'OCEANS', 'OCEAN WINDS', 'SOLID EARTH', 'GEOMAGNETISM', 'SPECTRAL/ENGINEERING', 'RADIO WAVE']",['geospatial'],Physicist,95
ACES CONTINUOUS DATA V1,"['EARTH SCIENCE', 'ATMOSPHERE', 'ATMOSPHERIC ELECTRICITY', 'ATMOSPHERIC PHENOMENA', 'ATMOSPHERIC WINDS', 'OCEANS', 'OCEAN WINDS', 'SOLID EARTH', 'GEOMAGNETISM', 'SPECTRAL/ENGINEERING', 'RADIO WAVE']",['geospatial'],Farmer,15
ACES CONTINUOUS DATA V1,"['EARTH SCIENCE', 'ATMOSPHERE', 'ATMOSPHERIC ELECTRICITY', 'ATMOSPHERIC PHENOMENA', 'ATMOSPHERIC WINDS', 'OCEANS', 'OCEAN WINDS', 'SOLID EARTH', 'GEOMAGNETISM', 'SPECTRAL/ENGINEERING', 'RADIO WAVE']",['geospatial'],Biologist,41
ACES CONTINUOUS DATA V1,"['EARTH SCIENCE', 'ATMOSPHERE', 'ATMOSPHERIC ELECTRICITY', 'ATMOSPHERIC PHENOMENA', 'ATMOSPHERIC WINDS', 'OCEANS', 'OCEAN WINDS', 'SOLID EARTH', 'GEOMAGNETISM', 'SPECTRAL/ENGINEERING', 'RADIO WAVE']",['geospatial'],Power Engineer,34
ACES CONTINUOUS DATA V1,"['EARTH SCIENCE', 'ATMOSPHERE', 'ATMOSPHERIC ELECTRICITY', 'ATMOSPHERIC PHENOMENA', 'ATMOSPHERIC WINDS', 'OCEANS', 'OCEAN WINDS', 'SOLID EARTH', 'GEOMAGNETISM', 'SPECTRAL/ENGINEERING', 'RADIO WAVE']",['geospatial'],Teacher,94
ACES CONTINUOUS DATA V1,"['EARTH SCIENCE', 'ATMOSPHERE', 'ATMOSPHERIC ELECTRICITY', 'ATMOSPHERIC PHENOMENA', 'ATMOSPHERIC WINDS', 'OCEANS', 'OCEAN WINDS', 'SOLID EARTH', 'GEOMAGNETISM', 'SPECTRAL/ENGINEERING', 'RADIO WAVE']",['geospatial'],Physicist,58
ACES CONTINUOUS DATA V1,"['EARTH SCIENCE', 'ATMOSPHERE', 'ATMOSPHERIC ELECTRICITY', 'ATMOSPHERIC PHENOMENA', 'ATMOSPHERIC WINDS', 'OCEANS', 'OCEAN WINDS', 'SOLID EARTH', 'GEOMAGNETISM', 'SPECTRAL/ENGINEERING', 'RADIO WAVE']",['geospatial'],Farmer,17
ACES CONTINUOUS DATA V1,"['EARTH SCIENCE', 'ATMOSPHERE', 'ATMOSPHERIC ELECTRICITY', 'ATMOSPHERIC PHENOMENA', 'ATMOSPHERIC WINDS', 'OCEANS', 'OCEAN WINDS', 'SOLID EARTH', 'GEOMAGNETISM', 'SPECTRAL/ENGINEERING', 'RADIO WAVE']",['geospatial'],Biologist,87
ACES CONTINUOUS DATA V1,"['EARTH SCIENCE', 'ATMOSPHERE', 'ATMOSPHERIC ELECTRICITY', 'ATMOSPHERIC PHENOMENA', 'ATMOSPHERIC WINDS', 'OCEANS', 'OCEAN WINDS', 'SOLID EARTH', 'GEOMAGNETISM', 'SPECTRAL/ENGINEERING', 'RADIO WAVE']",['geospatial'],Power Engineer,36
ACES ELECTRIC FIELD MILL V1,"['EARTH SCIENCE', 'ATMOSPHERE', 'ATMOSPHERIC ELECTRICITY']",['geospatial'],Teacher,17
ACES ELECTRIC FIELD MILL V1,"['EARTH SCIENCE', 'ATMOSPHERE', 'ATMOSPHERIC ELECTRICITY']",['geospatial'],Physicist,39
ACES ELECTRIC FIELD MILL V1,"['EARTH SCIENCE', 'ATMOSPHERE', 'ATMOSPHERIC ELECTRICITY']",['geospatial'],Farmer,91
ACES ELECTRIC FIELD MILL V1,"['EARTH SCIENCE', 'ATMOSPHERE', 'ATMOSPHERIC ELECTRICITY']",['geospatial'],Biologist,6
ACES ELECTRIC FIELD MILL V1,"['EARTH SCIENCE', 'ATMOSPHERE', 'ATMOSPHERIC ELECTRICITY']",['geospatial'],Power Engineer,98
ACES ELECTRIC FIELD MILL V1,"['EARTH SCIENCE', 'ATMOSPHERE', 'ATMOSPHERIC ELECTRICITY']",['geospatial'],Teacher,54
ACES ELECTRIC FIELD MILL V1,"['EARTH SCIENCE', 'ATMOSPHERE', 'ATMOSPHERIC ELECTRICITY']",['geospatial'],Physicist,80
ACES ELECTRIC FIELD MILL V1,"['EARTH SCIENCE', 'ATMOSPHERE', 'ATMOSPHERIC ELECTRICITY']",['geospatial'],Farmer,66
ACES ELECTRIC FIELD MILL V1,"['EARTH SCIENCE', 'ATMOSPHERE', 'ATMOSPHERIC ELECTRICITY']",['geospatial'],Biologist,38
ACES ELECTRIC FIELD MILL V1,"['EARTH SCIENCE', 'ATMOSPHERE', 'ATMOSPHERIC ELECTRICITY']",['geospatial'],Power Engineer,79
